Country,year,gdp,pp,carbonpercapital
Australia,1952,11824,8595064,7.0042
Australia,1953,11963,8782177,6.7676
Australia,1954,12419,8970121,7.5627
Australia,1955,12795,9165700,7.7107
Australia,1956,12924,9371781,7.7925
Australia,1957,12895,9587459,7.7723
Australia,1958,13238,9808595,7.9123
Australia,1959,13753,10028799,8.3468
Australia,1960,14013,10242070,8.6036
Australia,1961,13793,10445836,8.6641
Australia,1962,14389,10643420,8.9091
Australia,1963,14983,10845179,9.3068
Australia,1964,15699,11065419,9.8393
Australia,1965,16182,11313186,10.6825
Australia,1966,16324,11593402,10.3696
Australia,1967,17108,11899644,10.8528
Australia,1968,17770,12215704,11.0102
Australia,1969,18428,12518931,11.3527
Australia,1970,19166,12793030,11.5281
Australia,1971,19590,13033130,11.7109
Australia,1972,19772,13244163,11.8797
Australia,1973,20527,13431790,12.7183
Australia,1974,20698,13605574,12.656
Australia,1975,20993,13773290,12.7578
Australia,1976,21613,13935722,12.4915
Australia,1977,21592,14092545,13.3126
Australia,1978,21948,14249403,14.1637
Australia,1979,22826,14413002,14.2146
Australia,1980,22972,14588400,15.1173
Australia,1981,23368,14777241,15.574
Australia,1982,22972,14979203,15.6148
Australia,1983,22697,15194644,14.7942
Australia,1984,24009,15423156,15.3257
Australia,1985,24927,15663672,15.3858
Australia,1986,25116,15917580,15.0609
Australia,1987,25971,16183159,15.8104
Australia,1988,26702,16452258,15.8575
Australia,1989,27407,16713989,16.6029
Australia,1990,27373,16960600,16.4714
Australia,1991,26861.27539,17189235,16.3981
Australia,1992,27560.17773,17402179,16.4538
Australia,1993,28622.47656,17603211,16.5495
Australia,1994,29844.17188,17798526,16.8601
Australia,1995,30690.0625,17993083,17.1189
Australia,1996,31740.46875,18189274,17.3911
Australia,1997,32857.99219,18387205,17.7901
Australia,1998,34337.14063,18587027,18.2222
Australia,1999,35551.01953,18788187,18.4477
Australia,2000,36603.04688,18991434,18.5252
Australia,2001,37275.99219,19194676,18.7789
Australia,2002,38567.06641,19401366,18.922
Australia,2003,39523.65625,19624163,19.0191
Australia,2004,40887.72656,19879654,19.4554
Australia,2005,41904.44531,20178543,19.2086
Australia,2006,42650.98438,20526300,19.3554
Australia,2007,44033.58203,20916339,19.2159
Australia,2008,44421.64063,21332293,19.2034
Australia,2009,44686.54297,21750852,18.4508
Australia,2010,45400.22266,22154687,18.2595
Australia,2011,46132,22538002,17.9849
Australia,2012,46999,22903951,17.5806
Australia,2013,47250,23254912,16.907
Australia,2014,47867,23596426,16.9201
Australia,2015,48357,23932499,16.8507
Australia,2016,48845,24262710,17.1434
Australia,2017,49265.61328,24584619,16.8704
Australia,2018,49830.80078,24898153,16.7081
Australia,2019,,25203200,
Australia,2020,,25499881,
Bangladesh,1952,874,39489861,0.0328
Bangladesh,1953,872,40292411,0.0327
Bangladesh,1954,872,41149830,0.0325
Bangladesh,1955,810,42086305,0.0328
Bangladesh,1956,878,43113922,0.0379
Bangladesh,1957,845,44233217,0.0382
Bangladesh,1958,813,45434542,0.0417
Bangladesh,1959,838,46700569,0.0394
Bangladesh,1960,869,48013505,0.0461
Bangladesh,1961,899,49362834,0.0464
Bangladesh,1962,877,50752150,0.0496
Bangladesh,1963,947,52202008,0.0554
Bangladesh,1964,939,53741721,0.0554
Bangladesh,1965,969,55385114,0.0564
Bangladesh,1966,963,57157651,0.0556
Bangladesh,1967,921,59034250,0.0571
Bangladesh,1968,987,60918452,0.0635
Bangladesh,1969,980,62679765,0.0598
Bangladesh,1970,1004,64232486,0.0592
Bangladesh,1971,934,65531635,0.055
Bangladesh,1972,807,66625706,0.0526
Bangladesh,1973,792,67637541,0.0673
Bangladesh,1974,872,68742222,0.0677
Bangladesh,1975,843,70066310,0.0693
Bangladesh,1976,862,71652386,0.0775
Bangladesh,1977,843,73463593,0.0787
Bangladesh,1978,878,75450033,0.0793
Bangladesh,1979,894,77529040,0.0853
Bangladesh,1980,875,79639498,0.0954
Bangladesh,1981,878,81767516,0.0964
Bangladesh,1982,869,83932132,0.1019
Bangladesh,1983,891,86142490,0.0951
Bangladesh,1984,918,88416529,0.1027
Bangladesh,1985,925,90764180,0.1123
Bangladesh,1986,944,93187593,0.1224
Bangladesh,1987,960,95671159,0.1233
Bangladesh,1988,964,98186350,0.1373
Bangladesh,1989,966,100695496,0.1329
Bangladesh,1990,1006,103171957,0.1365
Bangladesh,1991,1031.429932,105599125,0.1396
Bangladesh,1992,1062.460449,107983708,0.1424
Bangladesh,1993,1095.656372,110350641,0.1456
Bangladesh,1994,1136.418457,112737684,0.1556
Bangladesh,1995,1182.951416,115169933,0.1827
Bangladesh,1996,1234.084106,117649927,0.1827
Bangladesh,1997,1291.512573,120160571,0.1925
Bangladesh,1998,1348.149902,122682818,0.1891
Bangladesh,1999,1412.981323,125189655,0.2003
Bangladesh,2000,1485.309204,127657862,0.2078
Bangladesh,2001,1551.196533,130088709,0.2386
Bangladesh,2002,1621.266968,132478076,0.2414
Bangladesh,2003,1710.731445,134791598,0.2482
Bangladesh,2004,1812.624756,136986429,0.2624
Bangladesh,2005,1925.606201,139035505,0.271
Bangladesh,2006,2057.698486,140921154,0.2958
Bangladesh,2007,2194.422363,142660381,0.2989
Bangladesh,2008,2321.050537,144304164,0.3139
Bangladesh,2009,2448.886963,145924795,0.3368
Bangladesh,2010,2599.208496,147575433,0.3659
Bangladesh,2011,2772,149273134,0.3789
Bangladesh,2012,2914,151005733,0.4019
Bangladesh,2013,3057,152761413,0.4044
Bangladesh,2014,3217,154517385,0.427
Bangladesh,2015,3402,156256287,0.469
Bangladesh,2016,3604,157977151,0.4841
Bangladesh,2017,3837.050293,159685421,0.5069
Bangladesh,2018,4099.25293,161376713,0.5118
Bangladesh,2019,,,
Bangladesh,2020,,,
Belgium,1952,9035,8727988,9.5628
Belgium,1953,9274,8779267,9.3828
Belgium,1954,9610,8832697,9.7065
Belgium,1955,10010,8887275,10.3538
Belgium,1956,10237,8942408,10.8226
Belgium,1957,10353,8997845,10.7234
Belgium,1958,10268,9053640,9.6851
Belgium,1959,10533,9110067,9.6937
Belgium,1960,11081,9167361,9.9165
Belgium,1961,11561,9225414,10.0481
Belgium,1962,12087,9283545,10.5583
Belgium,1963,12532,9340419,11.3139
Belgium,1964,13295,9394300,11.0231
Belgium,1965,13643,9443948,11.1533
Belgium,1966,13989,9488759,11.0759
Belgium,1967,14461,9529046,11.2667
Belgium,1968,15009,9565591,12.3816
Belgium,1969,15969,9599651,12.8642
Belgium,1970,16914,9632179,13.0283
Belgium,1971,17486,9663323,12.5599
Belgium,1972,18336,9692845,13.4777
Belgium,1973,19399,9720750,14.2622
Belgium,1974,20153,9747023,13.8453
Belgium,1975,19831,9771582,12.4671
Belgium,1976,20916,9794771,13.2395
Belgium,1977,21025,9816693,12.8556
Belgium,1978,21605,9836812,13.7697
Belgium,1979,22094,9854372,14.1852
Belgium,1980,23060,9868999,13.6626
Belgium,1981,22760,9880594,12.5067
Belgium,1982,23071,9889819,11.8407
Belgium,1983,23071,9897877,10.2246
Belgium,1984,23644,9906370,10.5959
Belgium,1985,23873,9916577,10.4879
Belgium,1986,24221,9928539,10.3104
Belgium,1987,24772,9942281,10.3184
Belgium,1988,25905,9959011,10.0153
Belgium,1989,26690,9980175,10.7004
Belgium,1990,27412,10006545,12.0229
Belgium,1991,27848.30469,10039450,12.2894
Belgium,1992,28199.57422,10078098,12.1556
Belgium,1993,27857.25,10118684,12.0014
Belgium,1994,28706.5,10155909,12.2892
Belgium,1995,29370.08789,10186304,12.3638
Belgium,1996,29820.29883,10208265,12.6838
Belgium,1997,30894.2832,10223785,12.127
Belgium,1998,31480.74414,10237298,12.7191
Belgium,1999,32571.67383,10255161,12.1598
Belgium,2000,33719.76953,10282046,12.3244
Belgium,2001,33923.34375,10319026,12.2168
Belgium,2002,34419.69531,10364879,12.2398
Belgium,2003,34588.47656,10419029,12.3092
Belgium,2004,35740.35156,10480118,12.2881
Belgium,2005,36338.38281,10546885,11.9126
Belgium,2006,37051.90234,10619484,11.6657
Belgium,2007,38082.875,10697576,11.2623
Belgium,2008,38117.34766,10778764,11.1498
Belgium,2009,36998.64844,10859934,9.9183
Belgium,2010,37739.32813,10938735,10.4714
Belgium,2011,38130,11013860,9.5358
Belgium,2012,37906,11085355,9.2361
Belgium,2013,37737,11154008,9.2032
Belgium,2014,38228,11221225,8.6325
Belgium,2015,38569,11287931,8.9525
Belgium,2016,38766,11354407,8.7959
Belgium,2017,39352.16406,11419752,8.7084
Belgium,2018,39756.20313,11482180,8.7289
Belgium,2019,,11539326,
Belgium,2020,,11589616,
Brazil,1952,2377,57283658,0.4353
Brazil,1953,2418,58999276,0.4274
Brazil,1954,2531,60749490,0.4885
Brazil,1955,2675,62533920,0.5441
Brazil,1956,2672,64355709,0.5688
Brazil,1957,2793,66221469,0.5432
Brazil,1958,3005,68140426,0.5731
Brazil,1959,3201,70123372,0.5564
Brazil,1960,3398,72179235,0.6491
Brazil,1961,3585,74311338,0.6613
Brazil,1962,3711,76514329,0.7009
Brazil,1963,3623,78772647,0.7052
Brazil,1964,3637,81064572,0.699
Brazil,1965,3617,83373533,0.6756
Brazil,1966,3747,85696502,0.7495
Brazil,1967,3795,88035815,0.751
Brazil,1968,4050,90387079,0.8555
Brazil,1969,4313,92746607,0.908
Brazil,1970,4635,95113265,0.9846
Brazil,1971,5024,97482928,1.0513
Brazil,1972,5480,99859388,1.1431
Brazil,1973,6086,102259497,1.2925
Brazil,1974,6416,104706193,1.3665
Brazil,1975,6582,107216209,1.4054
Brazil,1976,7079,109790943,1.4079
Brazil,1977,7248,112425392,1.4433
Brazil,1978,7425,115121158,1.5298
Brazil,1979,7736,117878412,1.5892
Brazil,1980,8249,120694012,1.5406
Brazil,1981,7709,123570327,1.3808
Brazil,1982,7587,126498322,1.3512
Brazil,1983,7203,129448815,1.2787
Brazil,1984,7438,132383568,1.2666
Brazil,1985,7862,135274083,1.3307
Brazil,1986,8281,138108915,1.4285
Brazil,1987,8402,140891606,1.461
Brazil,1988,8230,143627505,1.4454
Brazil,1989,8333,146328305,1.4497
Brazil,1990,7842,149003225,1.4675
Brazil,1991,7888.04834,151648007,1.5127
Brazil,1992,7812.794434,154259382,1.5143
Brazil,1993,8166.23584,156849086,1.5576
Brazil,1994,8615.688477,159432717,1.5932
Brazil,1995,8951.694336,162019889,1.6583
Brazil,1996,9124.515625,164614682,1.7575
Brazil,1997,9409.946289,167209046,1.8357
Brazil,1998,9419.107422,169785253,1.8692
Brazil,1999,9441.758789,172318674,1.8991
Brazil,2000,9834.424805,174790339,1.9462
Brazil,2001,9953.30957,177196051,1.9536
Brazil,2002,10245.06934,179537523,1.937
Brazil,2003,10354.5957,181809244,1.8956
Brazil,2004,10949.66016,184006479,1.9642
Brazil,2005,11305.77148,186127108,1.9576
Brazil,2006,11766.60547,188167353,1.9603
Brazil,2007,12500.00684,190130445,2.0542
Brazil,2008,13164.01172,192030362,2.1488
Brazil,2009,13180.89063,193886505,2.0103
Brazil,2010,14215.6123,195713637,2.2496
Brazil,2011,14831,197514541,2.342
Brazil,2012,14985,199287292,2.5005
Brazil,2013,15306,201035904,2.6484
Brazil,2014,15258,202763744,2.7515
Brazil,2015,15826,204471759,2.5889
Brazil,2016,13873,206163056,2.3901
Brazil,2017,13951.59961,207833825,2.4094
Brazil,2018,14033.56543,209469320,2.3091
Brazil,2019,,211049519,
Brazil,2020,,212559409,
Canada,1952,12486,14445453,11.0352
Canada,1953,12726,14834905,10.8264
Canada,1954,12272,15245416,10.6896
Canada,1955,13072,15673764,10.8125
Canada,1956,13791,16114734,11.7782
Canada,1957,13719,16561262,11.0385
Canada,1958,13603,17004835,10.712
Canada,1959,13829,17436204,10.5804
Canada,1960,13952,17847404,10.798
Canada,1961,14080,18233965,10.6395
Canada,1962,14787,18596848,11.1304
Canada,1963,15248,18943237,11.1338
Canada,1964,15938,19284228,12.3198
Canada,1965,16694,19627973,12.8346
Canada,1966,17448,19975695,12.9695
Canada,1967,17658,20324786,13.8568
Canada,1968,18297,20674999,14.668
Canada,1969,18988,21025257,14.6072
Canada,1970,19207,21374326,15.962
Canada,1971,20024,21723465,16.2169
Canada,1972,20837,22072193,17.2521
Canada,1973,22058,22415313,17.0095
Canada,1974,22643,22745896,17.1291
Canada,1975,22819,23059266,17.2073
Canada,1976,23754,23354587,17.0828
Canada,1977,24265,23634377,17.2541
Canada,1978,24994,23901716,17.3849
Canada,1979,25775,24161133,18.2805
Canada,1980,25784,24416885,18.1369
Canada,1981,26256,24668159,17.4164
Canada,1982,25151,24916538,16.6337
Canada,1983,25625,25171436,16.2223
Canada,1984,26836,25444886,16.7119
Canada,1985,28025,25744807,16.3807
Canada,1986,28472,26075504,15.5206
Canada,1987,29246,26432894,16.3048
Canada,1988,30275,26806125,16.9987
Canada,1989,30458,27179497,17.0307
Canada,1990,30082,27541323,16.6298
Canada,1991,29151.69727,27888813,16.1247
Canada,1992,29141.19141,28224410,16.4227
Canada,1993,29657.57422,28547964,16.2531
Canada,1994,30745.82227,28860734,16.5715
Canada,1995,31330.7207,29164153,16.8341
Canada,1996,31594.24219,29457820,17.211
Canada,1997,32709.69141,29742378,17.5265
Canada,1998,33785.74609,30022078,17.6199
Canada,1999,35345.72266,30302511,17.9434
Canada,2000,36942.5625,30588379,18.5218
Canada,2001,37307.20703,30880072,18.1037
Canada,2002,38123.98828,31178260,18.111
Canada,2003,38559.97656,31488046,18.4941
Canada,2004,39491.57031,31815490,18.254
Canada,2005,40485.01953,32164313,17.9035
Canada,2006,41247.14844,32536994,17.5618
Canada,2007,41806.86328,32930795,18.058
Canada,2008,41896.42578,33337638,17.3788
Canada,2009,40312.62109,33746093,16.1977
Canada,2010,41209.42578,34147566,16.3644
Canada,2011,42197,34539156,16.4993
Canada,2012,42445,34922031,16.301
Canada,2013,42994,35296535,16.2537
Canada,2014,43607,35664338,15.9981
Canada,2015,43619,36026668,15.9066
Canada,2016,43745,36382942,15.3799
Canada,2017,44591.64063,36732091,15.5004
Canada,2018,44868.74219,37074558,15.6299
Canada,2019,,37411038,
Canada,2020,,37742157,
China,1952,1047,582576497,0.2197
China,1953,1157,593365882,0.2255
China,1954,1049,603052316,0.2668
China,1955,1119,612241552,0.3112
China,1956,1189,621363233,0.3473
China,1957,1195,630677648,0.4056
China,1958,1173,640295777,0.8193
China,1959,1117,650212731,1.1076
China,1960,1057,660408054,1.2096
China,1961,874,670952701,0.8505
China,1962,926,682102654,0.6738
China,1963,1034,694339084,0.6579
China,1964,1152,708254602,0.6504
China,1965,1253,724218970,0.6908
China,1966,1261,742414887,0.7401
China,1967,1237,762581176,0.6035
China,1968,1178,784074715,0.632
China,1969,1264,805985941,0.754
China,1970,1398,827601385,0.9763
China,1971,1446,848759709,1.0712
China,1972,1431,869485962,1.114
China,1973,1513,889485368,1.1336
China,1974,1519,908464206,1.1317
China,1975,1594,926240889,1.2774
China,1976,1519,942685412,1.301
China,1977,1583,957891271,1.3998
China,1978,1744,972205441,1.5355
China,1979,1859,986132214,1.5471
China,1980,1930,1000089228,1.4944
China,1981,1962,1014022211,1.4561
China,1982,2128,1027948989,1.5629
China,1983,2227,1042431401,1.6253
China,1984,2444,1058171973,1.7434
China,1985,2619,1075589363,1.8577
China,1986,2748,1095014106,1.9216
China,1987,2931,1116095475,2.0229
China,1988,3045,1137724234,2.1322
China,1989,3022,1158357393,2.1269
China,1990,2982,1176883681,2.1114
China,1991,3051.315186,1192897277,2.1847
China,1992,3227.744141,1206711243,2.263
China,1993,3506.47998,1218817059,2.3971
China,1994,3730.164063,1230020026,2.5203
China,1995,3999.729248,1240920539,2.706
China,1996,4219.644043,1251636178,2.7989
China,1997,4310.828125,1261996017,2.7814
China,1998,4309.847168,1271982349,2.6419
China,1999,4466.736328,1281514833,2.6144
China,2000,4730.354492,1290550767,2.6649
China,2001,4995.144531,1299129747,2.7056
China,2002,5343.112305,1307352256,2.9622
China,2003,5649.463379,1315303522,3.4555
China,2004,6067.591309,1323084639,3.9482
China,2005,6626.591797,1330776380,4.4159
China,2006,7271.035645,1338408644,4.8481
China,2007,7895.712891,1345993891,5.1847
China,2008,8190.112305,1353569480,5.5386
China,2009,8734.041016,1361169410,5.7939
China,2010,9658.418945,1368810604,6.295
China,2011,10221,1376497633,6.9223
China,2012,10680,1384206408,7.0623
China,2013,11328,1391883335,7.1506
China,2014,11944,1399453966,7.1353
China,2015,12244,1406847868,7.0003
China,2016,12569,1414049353,6.8742
China,2017,12733.93164,1421021794,6.9812
China,2018,13101.70605,1427647789,7.2077
China,2019,,1433783692,
China,2020,,1439323774,
Colombia,1952,3529,12633899,0.6833
Colombia,1953,3629,12993849,0.8282
Colombia,1954,3759,13374543,0.7194
Colombia,1955,3783,13774999,0.8671
Colombia,1956,3811,14194561,0.8876
Colombia,1957,3826,14632794,0.9329
Colombia,1958,3798,15089522,0.9263
Colombia,1959,3942,15564624,1.0335
Colombia,1960,3980,16057714,1.0207
Colombia,1961,4049,16567817,1.0983
Colombia,1962,4135,17092919,1.1361
Colombia,1963,4140,17629978,1.2044
Colombia,1964,4264,18175187,1.193
Colombia,1965,4286,18725242,1.2207
Colombia,1966,4383,19279734,1.2176
Colombia,1967,4438,19837508,1.2445
Colombia,1968,4581,20393704,1.303
Colombia,1969,4744,20942453,1.3378
Colombia,1970,4932,21480064,1.3208
Colombia,1971,5091,22003983,1.3762
Colombia,1972,5348,22516429,1.3957
Colombia,1973,5577,23024512,1.4607
Colombia,1974,5767,23538390,1.5462
Colombia,1975,5772,24065502,1.488
Colombia,1976,5918,24608102,1.5434
Colombia,1977,6046,25164544,1.5594
Colombia,1978,6443,25733669,1.614
Colombia,1979,6658,26312996,1.6823
Colombia,1980,6786,26900508,1.6421
Colombia,1981,6782,27496608,1.6097
Colombia,1982,6698,28101824,1.6255
Colombia,1983,6655,28714183,1.7138
Colombia,1984,6741,29331230,1.6604
Colombia,1985,6809,29951194,1.6053
Colombia,1986,7071,30572479,1.5947
Colombia,1987,7296,31195417,1.6068
Colombia,1988,7442,31822527,1.6346
Colombia,1989,7533,32457497,1.6265
Colombia,1990,7693,33102569,1.7188
Colombia,1991,7713.021973,33758328,1.6782
Colombia,1992,7888.105469,34422568,1.7865
Colombia,1993,8180.870605,35091272,1.8049
Colombia,1994,8447.857422,35758978,1.8678
Colombia,1995,8735.882813,36421438,1.6138
Colombia,1996,8770.583008,37076387,1.6121
Colombia,1997,8952.472656,37723803,1.7097
Colombia,1998,8863.261719,38364307,1.6984
Colombia,1999,8382.139648,38999468,1.4042
Colombia,2000,8496.791992,39629965,1.4196
Colombia,2001,8528.033203,40255956,1.3896
Colombia,2002,8630.541992,40875363,1.3561
Colombia,2003,8855.217773,41483872,1.3763
Colombia,2004,9211.279297,42075953,1.2969
Colombia,2005,9524.722656,42647731,1.4083
Colombia,2006,10039.68262,43200901,1.4353
Colombia,2007,10602.30469,43737512,1.3759
Colombia,2008,10846.7373,44254972,1.506
Colombia,2009,10894.10254,44750054,1.6214
Colombia,2010,11191.68652,45222699,1.6867
Colombia,2011,11788,45662747,1.6661
Colombia,2012,12123,46075721,1.7304
Colombia,2013,12568,46495492,1.8804
Colombia,2014,12972,46967706,1.8885
Colombia,2015,13218,47520667,1.9353
Colombia,2016,13326,48175048,1.9355
Colombia,2017,13358.03223,48909844,1.7644
Colombia,2018,13545.0498,49661056,1.7092
Colombia,2019,,50339443,
Colombia,2020,,50882884,
Egypt,1952,1435,21473792,0.5073
Egypt,1953,1425,22028132,0.4893
Egypt,1954,1417,22611502,0.5159
Egypt,1955,1411,23223125,0.4583
Egypt,1956,1443,23861509,0.4167
Egypt,1957,1474,24524531,0.4859
Egypt,1958,1510,25209459,0.5428
Egypt,1959,1545,25913227,0.4904
Egypt,1960,1580,26632891,0.602
Egypt,1961,1643,27366239,0.6236
Egypt,1962,1712,28112258,0.6606
Egypt,1963,1785,28871383,0.7456
Egypt,1964,1859,29644875,0.8599
Egypt,1965,1934,30433024,0.9072
Egypt,1966,1900,31237597,0.8494
Egypt,1967,1835,32056506,0.613
Egypt,1968,1827,32881852,0.6956
Egypt,1969,1914,33703127,0.5835
Egypt,1970,1999,34513851,0.6274
Egypt,1971,2045,35311905,0.6517
Egypt,1972,2047,36102670,0.7056
Egypt,1973,2063,36896551,0.644
Egypt,1974,2099,37708144,0.6919
Egypt,1975,2265,38549133,0.8057
Egypt,1976,2560,39422731,0.8739
Egypt,1977,2817,40329589,0.9377
Egypt,1978,2939,41275728,0.9512
Egypt,1979,3076,42267429,1.0147
Egypt,1980,3298,43309063,1.0431
Egypt,1981,3309,44400113,1.1465
Egypt,1982,3543,45539295,1.2392
Egypt,1983,3701,46728284,1.2194
Egypt,1984,3810,47968643,1.328
Egypt,1985,3939,49258726,1.2953
Egypt,1986,3921,50602360,1.4701
Egypt,1987,3929,51991696,1.4351
Egypt,1988,4001,53399243,1.3916
Egypt,1989,4030,54788680,1.3124
Egypt,1990,4022,56134478,1.34
Egypt,1991,4180.132813,57424552,1.346
Egypt,1992,4338.953613,58666812,1.3626
Egypt,1993,4542.632324,59880656,1.541
Egypt,1994,4746.588379,61095804,1.384
Egypt,1995,5001.066895,62334025,1.5223
Egypt,1996,5293.100586,63601632,1.4712
Egypt,1997,5594.597168,64892269,1.6568
Egypt,1998,5884.801758,66200259,1.8348
Egypt,1999,6211.015625,67515591,1.844
Egypt,2000,6593.531738,68831561,2.039
Egypt,2001,6914.937012,70152662,1.7718
Egypt,2002,7142.686523,71485044,1.7596
Egypt,2003,7365.802734,72826102,2.0111
Egypt,2004,7661.859863,74172073,2.0108
Egypt,2005,8021.883301,75523576,2.1853
Egypt,2006,8509.614258,76873670,2.2897
Egypt,2007,9130.597656,78232124,2.3764
Egypt,2008,9698.016602,79636081,2.4457
Egypt,2009,10159.00195,81134789,2.5041
Egypt,2010,10719.29102,82761244,2.4268
Egypt,2011,10737,84529251,2.5202
Egypt,2012,10767,86422240,2.4151
Egypt,2013,10775,88404652,2.3409
Egypt,2014,11016,90424668,2.4514
Egypt,2015,11159,92442549,2.3708
Egypt,2016,11351,94447071,2.4789
Egypt,2017,11619.68848,96442590,2.5985
Egypt,2018,11957.21191,98423602,2.3137
Egypt,2019,,100388076,
Egypt,2020,,102334403,
France,1952,8869,42315598,5.3689
France,1953,9060,42654661,5.0344
France,1954,9428,43024817,5.266
France,1955,9881,43411377,5.5108
France,1956,10278,43808997,6.1351
France,1957,10779,44221224,6.283
France,1958,10927,44659052,5.9671
France,1959,11124,45138433,5.8108
France,1960,11792,45673147,6.4676
France,1961,12302,46266974,6.8009
France,1962,12859,46907043,7.074
France,1963,13330,47560825,7.1023
France,1964,14057,48184414,7.6372
France,1965,14609,48746653,7.4459
France,1966,15213,49232536,7.7003
France,1967,15792,49651080,8.125
France,1968,16365,50024587,8.3349
France,1969,17352,50387441,8.7758
France,1970,18187,50763921,9.0522
France,1971,18881,51162569,9.6185
France,1972,19549,51573268,9.9369
France,1973,20441,51979531,10.3388
France,1974,20902,52356793,9.9167
France,1975,20653,52688575,9.1136
France,1976,21465,52969314,9.8545
France,1977,22177,53208549,9.4935
France,1978,22698,53423112,9.8643
France,1979,23326,53637073,9.895
France,1980,23537,53868006,9.4543
France,1981,23655,54121009,8.4536
France,1982,24120,54391469,8.0639
France,1983,24300,54675370,7.7102
France,1984,24519,54965167,7.4612
France,1985,24755,55254838,7.2972
France,1986,25238,55545271,6.99
France,1987,25756,55837622,6.9015
France,1988,26763,56126337,6.8197
France,1989,27576,56404303,7.0346
France,1990,28129,56666861,6.9352
France,1991,28294.26367,56913580,7.3292
France,1992,28619.80469,57147213,7.1216
France,1993,28336.16016,57370375,6.7573
France,1994,28907.97656,57587122,6.6165
France,1995,29418.86328,57801887,6.6776
France,1996,29736.64453,58012055,6.9365
France,1997,30341.80664,58220657,6.7887
France,1998,31323.07813,58444245,7.0821
France,1999,32284.61133,58704381,7.0105
France,2000,33409.67969,59015092,6.8779
France,2001,33920.09766,59384126,6.9132
France,2002,34152.77344,59803434,6.7891
France,2003,34292.03125,60251591,6.8371
France,2004,35093.82422,60697977,6.8066
France,2005,35495.46484,61120128,6.7984
France,2006,36166.16016,61508924,6.5968
France,2007,36845.68359,61869229,6.3913
France,2008,36761.79297,62209207,6.2369
France,2009,35534.92578,62542883,5.8941
France,2010,36086.72656,62879535,5.9888
France,2011,36691,63222229,5.5951
France,2012,36571,63564224,5.5996
France,2013,36632,63893521,5.5958
France,2014,36527,64193550,5.0766
France,2015,36827,64453194,5.1186
France,2016,37124,64667590,5.1584
France,2017,37895,64842513,5.1971
France,2018,38515.91797,64990512,4.9603
France,2019,,65129731,
France,2020,,65273512,
Germany,1952,7257,70620275,8.6516
Germany,1953,7818,70929839,8.7903
Germany,1954,8364,71233393,9.2616
Germany,1955,9240,71537454,10.1136
Germany,1956,9846,71850645,10.6637
Germany,1957,10348,72183453,10.7768
Germany,1958,10739,72547581,10.426
Germany,1959,11440,72954885,10.3598
Germany,1960,12282,73414229,11.0871
Germany,1961,12675,73928077,11.2926
Germany,1962,13106,74489450,11.8563
Germany,1963,13367,75080749,12.5931
Germany,1964,14062,75677305,12.8033
Germany,1965,14642,76258034,12.5902
Germany,1966,14964,76819570,12.3852
Germany,1967,14979,77357251,12.1027
Germany,1968,15723,77847179,12.6503
Germany,1969,16641,78260756,13.4423
Germany,1970,17277,78578381,13.0573
Germany,1971,17657,78789931,13.1646
Germany,1972,18301,78901826,13.1997
Germany,1973,19074,78932455,13.7553
Germany,1974,19228,78909808,13.4676
Germany,1975,19193,78856031,12.7124
Germany,1976,20218,78781740,13.8464
Germany,1977,20837,78687323,13.3771
Germany,1978,21447,78573588,13.734
Germany,1979,22305,78438171,14.2518
Germany,1980,22497,78283101,14.0524
Germany,1981,22553,78107860,13.424
Germany,1982,22380,77926016,13.0346
Germany,1983,22840,77770210,13.0076
Germany,1984,23564,77682293,13.3009
Germany,1985,24133,77691591,13.4393
Germany,1986,24657,77806136,13.4626
Germany,1987,25027,78015742,13.2338
Germany,1988,25759,78307525,13.1408
Germany,1989,26393,78660301,12.8247
Germany,1990,25391,79053984,13.3134
Germany,1991,26769.96094,79490831,12.759
Germany,1992,27385.05469,79963166,12.0792
Germany,1993,27250.70117,80428557,11.888
Germany,1994,28140.05664,80832928,11.6266
Germany,1995,28868.94531,81138653,11.5724
Germany,1996,29349.98242,81323666,11.7942
Germany,1997,30186.94531,81399250,11.4414
Germany,1998,31129.58398,81402671,11.3431
Germany,1999,32087.60352,81389935,11.0072
Germany,2000,33367.28516,81400883,11.0546
Germany,2001,34260.28906,81453894,11.2536
Germany,2002,34590.92969,81535124,11.0378
Germany,2003,34716.44141,81614371,11.0416
Germany,2004,35528.71484,81646474,10.865
Germany,2005,36205.57422,81602739,10.6209
Germany,2006,38014.13672,81472235,10.7806
Germany,2007,39752.20703,81277836,10.4779
Germany,2008,40715.43359,81065751,10.5461
Germany,2009,38962.9375,80899961,9.7688
Germany,2010,41109.58203,80827001,10.3053
Germany,2011,43189,80855629,10.0082
Germany,2012,43320,80972629,10.0526
Germany,2013,43413,81174373,10.2428
Germany,2014,43922,81450370,9.7309
Germany,2015,44293,81787411,9.7278
Germany,2016,44689,82193770,9.7415
Germany,2017,45619.78516,82658409,9.5076
Germany,2018,46177.61719,83124413,9.0721
Germany,2019,,83517046,
Germany,2020,,83783945,
India,1952,1003,388799076,0.1736
India,1953,1047,395544365,0.1739
India,1954,1071,402578594,0.1801
India,1955,1078,409880606,0.1924
India,1956,1117,417442811,0.1958
India,1957,1084,425270709,0.2157
India,1958,1141,433380978,0.2213
India,1959,1143,441798571,0.2299
India,1960,1200,450547675,0.2474
India,1961,1208,459642166,0.2622
India,1962,1208,469077191,0.283
India,1963,1242,478825602,0.2978
India,1964,1309,488848139,0.2856
India,1965,1229,499123328,0.3083
India,1966,1215,509631509,0.313
India,1967,1286,520400577,0.3069
India,1968,1290,531513834,0.3278
India,1969,1347,543084333,0.327
India,1970,1384,555189797,0.3276
India,1971,1364,567868021,0.3384
India,1972,1329,581087255,0.3497
India,1973,1360,594770136,0.3519
India,1974,1344,608802595,0.3549
India,1975,1430,623102900,0.3762
India,1976,1417,637630085,0.3842
India,1977,1494,652408766,0.3973
India,1978,1540,667499815,0.3946
India,1979,1427,682995348,0.4049
India,1980,1495,698952837,0.4178
India,1981,1557,715384997,0.4407
India,1982,1570,732239498,0.4448
India,1983,1663,749428958,0.4704
India,1984,1690,766833411,0.4719
India,1985,1720,784360012,0.5074
India,1986,1755,801975250,0.5321
India,1987,1793,819682095,0.556
India,1988,1938,837468938,0.5877
India,1989,2024,855334675,0.6327
India,1990,2087,873277799,0.6625
India,1991,2062.310303,891273202,0.6911
India,1992,2115.257324,909307018,0.7215
India,1993,2176.427734,927403866,0.731
India,1994,2254.898926,945601828,0.7582
India,1995,2355.963135,963922586,0.7906
India,1996,2475.568115,982365248,0.8407
India,1997,2514.021729,1000900028,0.8589
India,1998,2611.781494,1019483586,0.8609
India,1999,2707.740479,1038058154,0.9169
India,2000,2753.085449,1056575548,0.9265
India,2001,2837.855469,1075000094,0.9233
India,2002,2870.923584,1093317187,0.9357
India,2003,3035.922607,1111523146,0.9533
India,2004,3212.510986,1129623466,0.9963
India,2005,3396.648682,1147609924,1.0334
India,2006,3629.411133,1165486291,1.0809
India,2007,3870.698975,1183209471,1.1479
India,2008,4030.654297,1200669762,1.2183
India,2009,4270.708008,1217726217,1.3244
India,2010,4525.745605,1234281163,1.3594
India,2011,4768,1250287939,1.4238
India,2012,4932,1265780243,1.5513
India,2013,5172,1280842119,1.5903
India,2014,5458,1295600768,1.6871
India,2015,5794,1310152392,1.7315
India,2016,6125,1324517250,1.7986
India,2017,6449.113281,1338676779,1.8181
India,2018,6806.498535,1352642283,1.922
India,2019,,1366417756,
India,2020,,1380004385,
Indonesia,1952,1401,72274629,0.176
Indonesia,1953,1451,73820844,0.1772
Indonesia,1954,1517,75487888,0.1954
Indonesia,1955,1537,77273427,0.2697
Indonesia,1956,1533,79172800,0.2755
Indonesia,1957,1613,81179211,0.2761
Indonesia,1958,1530,83284051,0.2666
Indonesia,1959,1570,85477628,0.2792
Indonesia,1960,1613,87751066,0.2437
Indonesia,1961,1690,90098396,0.2886
Indonesia,1962,1653,92518373,0.2483
Indonesia,1963,1557,95015295,0.2396
Indonesia,1964,1583,97596728,0.2293
Indonesia,1965,1567,100267070,0.246
Indonesia,1966,1535,103025423,0.2269
Indonesia,1967,1470,105865576,0.2318
Indonesia,1968,1580,108779926,0.2534
Indonesia,1969,1739,111758566,0.2985
Indonesia,1970,1882,114793179,0.3118
Indonesia,1971,1946,117880146,0.3305
Indonesia,1972,2117,121017316,0.3579
Indonesia,1973,2375,124199693,0.3953
Indonesia,1974,2439,127422198,0.402
Indonesia,1975,2386,130680730,0.4127
Indonesia,1976,2536,133966940,0.4612
Indonesia,1977,2670,137278057,0.6004
Indonesia,1978,2727,140621731,0.668
Indonesia,1979,2810,144009844,0.6606
Indonesia,1980,2981,147447834,0.6434
Indonesia,1981,3119,150938222,0.6645
Indonesia,1982,2941,154468235,0.6835
Indonesia,1983,2994,158009248,0.6657
Indonesia,1984,3134,161523353,0.6962
Indonesia,1985,3143,164982452,0.737
Indonesia,1986,3269,168374287,0.7256
Indonesia,1987,3370,171702756,0.7215
Indonesia,1988,3500,174975953,0.7585
Indonesia,1989,3747,178209147,0.7389
Indonesia,1990,4007,181413398,0.8284
Indonesia,1991,4310.777832,184591897,0.9785
Indonesia,1992,4536.409668,187739786,1.0844
Indonesia,1993,4837.131348,190851184,1.1515
Indonesia,1994,5140.024902,193917458,1.1492
Indonesia,1995,5494.903809,196934257,1.1503
Indonesia,1996,5851.29541,199901231,1.276
Indonesia,1997,6055.848633,202826444,1.3841
Indonesia,1998,5203.57959,205724597,1.0498
Indonesia,1999,5186.713379,208615171,1.1694
Indonesia,2000,5384.386719,211513822,1.2989
Indonesia,2001,5526.147461,214427419,1.4147
Indonesia,2002,5720.281738,217357790,1.43
Indonesia,2003,5938.87793,220309473,1.5453
Indonesia,2004,6180.910156,223285666,1.5424
Indonesia,2005,6482.012207,226289468,1.5422
Indonesia,2006,6782.624512,229318262,1.5119
Indonesia,2007,7157.312988,232374239,1.6708
Indonesia,2008,7633.166016,235469755,1.5556
Indonesia,2009,7935.844238,238620554,1.6845
Indonesia,2010,8386.433594,241834226,1.8688
Indonesia,2011,8849,245115988,2.0593
Indonesia,2012,9285,248451714,2.0991
Indonesia,2013,9703,251805314,1.9701
Indonesia,2014,10090,255128076,1.9558
Indonesia,2015,10484,258383257,2.1343
Indonesia,2016,10911,261556386,2.1443
Indonesia,2017,11364.55371,264650968,2.1733
Indonesia,2018,11851.7373,267670549,2.2972
Indonesia,2019,,270625567,
Indonesia,2020,,273523621,
Iran,1952,2597,17933502,0.2282
Iran,1953,2531,18369052,0.2084
Iran,1954,2464,18822753,0.0555
Iran,1955,2397,19294136,0.8196
Iran,1956,2541,19782818,1.1529
Iran,1957,2817,20288542,1.0745
Iran,1958,3057,20811135,1.2123
Iran,1959,3226,21350565,1.1976
Iran,1960,3437,21906909,1.7053
Iran,1961,3622,22480371,1.624
Iran,1962,3586,23071309,1.6223
Iran,1963,3867,23680246,1.7443
Iran,1964,4026,24307855,1.9549
Iran,1965,4388,24954865,2.1526
Iran,1966,4686,25624380,2.5017
Iran,1967,5062,26317776,2.5793
Iran,1968,5659,27032576,3.0456
Iran,1969,6212,27764928,2.9908
Iran,1970,6677,28513872,3.219
Iran,1971,7296,29281583,3.4707
Iran,1972,8247,30075295,3.525
Iran,1973,8706,30905721,4.1894
Iran,1974,9210,31786481,4.5232
Iran,1975,9377,32729772,4.2534
Iran,1976,10665,33733975,4.638
Iran,1977,10205,34803041,4.7045
Iran,1978,8710,35960811,4.5078
Iran,1979,7678,37237145,4.3769
Iran,1980,6334,38650244,3.1175
Iran,1981,5887,40199911,2.8108
Iran,1982,6535,41869231,3.2905
Iran,1983,7108,43636838,3.428
Iran,1984,6951,45472792,3.2957
Iran,1985,6853,47347197,3.3763
Iran,1986,5984,49260263,2.9964
Iran,1987,5713,51193782,3.0973
Iran,1988,5249,53077312,3.2998
Iran,1989,5303,54822005,3.4694
Iran,1990,5620,56366212,3.7246
Iran,1991,6380.549805,57679025,3.9184
Iran,1992,7036.314941,58780376,3.8607
Iran,1993,6914.766602,59723761,3.9449
Iran,1994,6884.706055,60590608,4.3541
Iran,1995,7093.734863,61442658,4.4201
Iran,1996,7746.40918,62294919,4.3947
Iran,1997,8113.724121,63136309,4.2297
Iran,1998,8458.386719,63971836,4.7756
Iran,1999,8714.626953,64800875,5.8564
Iran,2000,9104.762695,65623397,5.6253
Iran,2001,9620.626953,66449111,5.9408
Iran,2002,10467.37012,67284801,5.9096
Iran,2003,11502.85254,68122947,6.0723
Iran,2004,12404.32324,68951279,6.4095
Iran,2005,13110.14258,69762345,6.644
Iran,2006,14185.75293,70554756,7.1382
Iran,2007,15467.10742,71336476,7.1865
Iran,2008,15739.98438,72120608,7.4132
Iran,2009,16575.07031,72924833,7.6658
Iran,2010,17751.33008,73762519,7.7244
Iran,2011,18024,74634959,7.7355
Iran,2012,16745,75539881,7.9791
Iran,2013,16248,76481963,7.9785
Iran,2014,16493,77465769,8.2855
Iran,2015,16253,78492208,8.0088
Iran,2016,16783,79563991,8.0107
Iran,2017,17686.80469,80673888,8.8288
Iran,2018,17011.30469,81800204,8.6449
Iran,2019,,82913893,
Iran,2020,,83992953,
Japan,1952,3724,85659438,1.5224
Japan,1953,3944,86869979,1.678
Japan,1954,4116,87980574,1.6201
Japan,1955,4417,89018255,1.5938
Japan,1956,4699,90004180,1.7848
Japan,1957,4999,90953812,2.0677
Japan,1958,5243,91877637,1.9718
Japan,1959,5665,92782242,2.076
Japan,1960,6354,93673612,2.482
Japan,1961,7055,94560714,2.9905
Japan,1962,7614,95458517,3.068
Japan,1963,8176,96389422,3.37
Japan,1964,9035,97379402,3.6855
Japan,1965,9459,98447007,3.9257
Japan,1966,10370,99596075,4.2095
Japan,1967,11400,100822283,4.8532
Japan,1968,12725,102124002,5.5023
Japan,1969,14145,103496032,6.3115
Japan,1970,15484,104929260,7.3189
Japan,1971,16004,106427102,7.4844
Japan,1972,17110,107976030,7.8922
Japan,1973,18226,109528514,8.3473
Japan,1974,17765,111022692,8.2353
Japan,1975,18082,112413362,7.726
Japan,1976,18600,113679190,7.9799
Japan,1977,19230,114827826,8.1273
Japan,1978,20060,115879222,7.7804
Japan,1979,20982,116867356,8.1552
Japan,1980,21404,117816942,8.0198
Japan,1981,21924,118732838,7.8061
Japan,1982,22440,119605254,7.5031
Japan,1983,22805,120427643,7.3148
Japan,1984,23548,121189269,7.7323
Japan,1985,24437,121883483,7.4858
Japan,1986,24992,122509119,7.4465
Japan,1987,25904,123072720,7.3333
Japan,1988,27393,123584522,7.974
Japan,1989,28601,124058517,8.2355
Japan,1990,29949,124505243,9.3009
Japan,1991,30837.43164,124929764,9.3628
Japan,1992,30977.81445,125331300,9.4102
Japan,1993,30920.66016,125707407,9.3259
Japan,1994,31135.42773,126053127,9.7362
Japan,1995,31887.27734,126365486,9.8098
Japan,1996,32784.15625,126644099,9.8823
Japan,1997,33038.29297,126892745,9.8097
Japan,1998,32558.1875,127117436,9.4794
Japan,1999,32394.51563,127326063,9.7514
Japan,2000,33210.80859,127524168,9.9148
Japan,2001,33246.39063,127713824,9.7857
Japan,2002,33195.40234,127893075,10.0015
Japan,2003,33619.94922,128058368,10.0538
Japan,2004,34313.55859,128204183,10.0064
Japan,2005,34857.75391,128326115,10.0554
Japan,2006,35333.11328,128422740,9.8687
Japan,2007,35892.71094,128494050,10.1416
Japan,2008,35496.22656,128538644,9.5871
Japan,2009,33590.01172,128555196,9.0484
Japan,2010,35011.40234,128542349,9.4507
Japan,2011,34979,128498966,9.8434
Japan,2012,35580,128423571,10.1695
Japan,2013,36354,128314189,10.251
Japan,2014,36537,128168630,9.8599
Japan,2015,37031,127985139,9.5589
Japan,2016,37465,127763267,9.4215
Japan,2017,38414.86328,127502728,9.3184
Japan,2018,38673.80859,127202190,8.9893
Japan,2019,,126860299,
Japan,2020,,126476458,
Mexico,1952,3706,29590077,1.2576
Mexico,1953,3602,30468850,1.2047
Mexico,1954,3851,31388572,1.1555
Mexico,1955,4060,32350593,1.226
Mexico,1956,4213,33355184,1.2632
Mexico,1957,4403,34401536,1.4324
Mexico,1958,4501,35487956,1.5219
Mexico,1959,4497,36612111,1.592
Mexico,1960,4723,37771861,1.6693
Mexico,1961,4807,38966049,1.6743
Mexico,1962,4881,40195318,1.5858
Mexico,1963,5118,41462373,1.5989
Mexico,1964,5555,42771077,1.7348
Mexico,1965,5737,44123863,1.7036
Mexico,1966,5950,45519746,1.776
Mexico,1967,6132,46956208,1.9168
Mexico,1968,6432,48431971,1.9385
Mexico,1969,6629,49945278,2.0458
Mexico,1970,6873,51493565,2.2129
Mexico,1971,6912,53076366,2.3775
Mexico,1972,7256,54689944,2.4186
Mexico,1973,7597,56324310,2.5577
Mexico,1974,7801,57966812,2.6692
Mexico,1975,8011,59607947,2.7536
Mexico,1976,8131,61242189,3.0002
Mexico,1977,8177,62869908,3.0602
Mexico,1978,8690,64494872,3.4439
Mexico,1979,9307,66123907,3.6335
Mexico,1980,9929,67761367,3.9513
Mexico,1981,10538,69407623,4.0876
Mexico,1982,10240,71058650,4.2768
Mexico,1983,9656,72709306,3.8175
Mexico,1984,9777,74352631,3.7208
Mexico,1985,9785,75983486,3.782
Mexico,1986,9283,77599105,3.7811
Mexico,1987,9256,79200081,3.8639
Mexico,1988,9193,80788725,3.7835
Mexico,1989,9392,82368930,3.9272
Mexico,1990,9699,83943135,3.7769
Mexico,1991,10008.55078,85512621,3.8606
Mexico,1992,10262.21094,87075136,3.8218
Mexico,1993,10357.8291,88625440,3.8146
Mexico,1994,10721.00781,90156396,3.8991
Mexico,1995,9944.953125,91663290,3.6176
Mexico,1996,10386.49902,93147045,3.712
Mexico,1997,11030.34277,94611008,3.8964
Mexico,1998,11510.87695,96056313,4.043
Mexico,1999,11894.20313,97484823,4.0059
Mexico,2000,12613.39648,98899845,4.0047
Mexico,2001,12565.46484,100298152,4.0948
Mexico,2002,12645.50391,101684764,4.0514
Mexico,2003,12793.95605,103081020,4.2467
Mexico,2004,13287.59961,104514934,4.199
Mexico,2005,13655.80078,106005199,4.3771
Mexico,2006,14287.55859,107560155,4.4307
Mexico,2007,14684.72754,109170503,4.3948
Mexico,2008,14808.08984,110815272,4.4487
Mexico,2009,14026.98926,112463886,4.2316
Mexico,2010,14697.29785,114092961,4.065
Mexico,2011,15210,115695468,4.1848
Mexico,2012,15639,117274156,4.232
Mexico,2013,15680,118827158,4.1247
Mexico,2014,15856,120355137,3.9976
Mexico,2015,16096,121858251,3.9552
Mexico,2016,16133,123333379,3.9146
Mexico,2017,16308.64063,124777326,3.6854
Mexico,2018,16494.07813,126190782,3.6081
Mexico,2019,,127575529,
Mexico,2020,,128932753,
Nepal,1952,835,8834698,0.0033
Nepal,1953,877,8999194,0.0041
Nepal,1954,886,9159320,0.0044
Nepal,1955,894,9316916,0.0047
Nepal,1956,925,9473411,0.005
Nepal,1957,915,9629865,0.0057
Nepal,1958,956,9786976,0.006
Nepal,1959,971,9945213,0.0066
Nepal,1960,980,10105060,0.008
Nepal,1961,990,10267260,0.0079
Nepal,1962,998,10433147,0.0084
Nepal,1963,1006,10604620,0.0093
Nepal,1964,1012,10783958,0.0139
Nepal,1965,1019,10972912,0.0164
Nepal,1966,1071,11172530,0.0171
Nepal,1967,1034,11382965,0.0187
Nepal,1968,1023,11603921,0.0218
Nepal,1969,1049,11834657,0.0337
Nepal,1970,1055,12074628,0.0188
Nepal,1971,1022,12323984,0.0161
Nepal,1972,1034,12583142,0.0213
Nepal,1973,1009,12852205,0.0328
Nepal,1974,1052,13131260,0.0324
Nepal,1975,1047,13420367,0.0262
Nepal,1976,1071,13719466,0.0205
Nepal,1977,1081,14028535,0.024
Nepal,1978,1105,14347653,0.0229
Nepal,1979,1106,14676932,0.0349
Nepal,1980,1057,15016408,0.036
Nepal,1981,1119,15367229,0.0295
Nepal,1982,1135,15729431,0.0281
Nepal,1983,1076,16100623,0.0306
Nepal,1984,1152,16477488,0.0426
Nepal,1985,1194,16858315,0.0401
Nepal,1986,1218,17239677,0.0404
Nepal,1987,1208,17623697,0.0488
Nepal,1988,1269,18020755,0.0542
Nepal,1989,1290,18445021,0.0484
Nepal,1990,1315,18905480,0.0382
Nepal,1991,1360.783447,19405506,0.0529
Nepal,1992,1374.661255,19938322,0.0618
Nepal,1993,1385.241089,20489973,0.0682
Nepal,1994,1456.020264,21040899,0.077
Nepal,1995,1468.078857,21576074,0.107
Nepal,1996,1511.733643,22090352,0.1065
Nepal,1997,1558.398804,22584772,0.1169
Nepal,1998,1570.663452,23057875,0.0964
Nepal,1999,1609.180298,23509971,0.1357
Nepal,2000,1676.745605,23941099,0.1269
Nepal,2001,1738.314209,24347113,0.1329
Nepal,2002,1709.778687,24725625,0.105
Nepal,2003,1747.776611,25080880,0.1121
Nepal,2004,1802.143799,25419337,0.1016
Nepal,2005,1836.305664,25744500,0.116
Nepal,2006,1884.187256,26066687,0.0942
Nepal,2007,1927.386475,26382586,0.0974
Nepal,2008,2021.154053,26666581,0.1257
Nepal,2009,2085.243652,26883531,0.1536
Nepal,2010,2152.274658,27013207,0.1786
Nepal,2011,2189,27041220,0.1931
Nepal,2012,2258,26989160,0.2027
Nepal,2013,2316,26916795,0.231
Nepal,2014,2421,26905982,0.2821
Nepal,2015,2455,27015033,0.2523
Nepal,2016,2435,27263430,0.358
Nepal,2017,2600.027588,27632682,0.4215
Nepal,2018,2727.423828,28095712,0.4873
Nepal,2019,,28608715,
Nepal,2020,,29136808,
Netherlands,1952,9698,10297986,5.3132
Netherlands,1953,10429,10432296,5.2974
Netherlands,1954,11010,10569687,5.5246
Netherlands,1955,11678,10709621,5.6946
Netherlands,1956,11953,10851925,5.997
Netherlands,1957,12137,10996626,5.857
Netherlands,1958,11926,11144074,5.9844
Netherlands,1959,12333,11294684,5.9424
Netherlands,1960,13209,11448815,6.4144
Netherlands,1961,13074,11606398,6.5325
Netherlands,1962,13770,11766730,7.0777
Netherlands,1963,14078,11928359,7.641
Netherlands,1964,15042,12089386,8.0051
Netherlands,1965,15618,12248333,8.1973
Netherlands,1966,15838,12404189,8.3486
Netherlands,1967,16483,12556841,8.4959
Netherlands,1968,17365,12706787,8.9279
Netherlands,1969,18270,12855006,9.0083
Netherlands,1970,19075,13001941,10.9063
Netherlands,1971,19636,13147935,10.6987
Netherlands,1972,20079,13291876,11.849
Netherlands,1973,20851,13431187,12.3042
Netherlands,1974,21514,13562431,11.7962
Netherlands,1975,21318,13683287,11.1468
Netherlands,1976,22132,13793110,12.262
Netherlands,1977,22598,13892920,11.7762
Netherlands,1978,22992,13984050,12.1419
Netherlands,1979,23347,14068597,13.2925
Netherlands,1980,23438,14148410,12.4842
Netherlands,1981,23153,14223757,11.5377
Netherlands,1982,22780,14295209,9.3379
Netherlands,1983,23086,14365388,9.5617
Netherlands,1984,23750,14437510,9.9791
Netherlands,1985,24361,14513947,10.1268
Netherlands,1986,24893,14595749,9.8669
Netherlands,1987,25085,14682662,10.317
Netherlands,1988,25574,14774031,9.8553
Netherlands,1989,26612,14868659,10.8728
Netherlands,1990,27515,14965442,10.812
Netherlands,1991,28126.78125,15064522,11.2999
Netherlands,1992,28555.73242,15165856,11.2104
Netherlands,1993,28879.99609,15268005,11.1479
Netherlands,1994,29727.55664,15369121,11.1124
Netherlands,1995,30680.34766,15467852,11.1393
Netherlands,1996,31811.73828,15563252,11.6591
Netherlands,1997,33199.63281,15655482,11.1459
Netherlands,1998,34688.55078,15745650,11.1436
Netherlands,1999,36409.07813,15835525,10.7314
Netherlands,2000,37899.94922,15926188,10.7424
Netherlands,2001,38636.22266,16018112,11.0007
Netherlands,2002,38653.125,16110355,10.898
Netherlands,2003,38803.95703,16200948,11.0493
Netherlands,2004,39682.375,16287183,11.1067
Netherlands,2005,40679.48828,16367153,10.8096
Netherlands,2006,42286.51172,16440091,10.4682
Netherlands,2007,44008.75,16506651,10.4128
Netherlands,2008,44840.71094,16568105,10.5541
Netherlands,2009,43178.50781,16626379,10.197
Netherlands,2010,43812.34766,16682927,10.8816
Netherlands,2011,44591,16738190,10.0531
Netherlands,2012,43957,16791850,9.8084
Netherlands,2013,43744,16843512,9.7773
Netherlands,2014,44205,16892517,9.3333
Netherlands,2015,44869,16938492,9.6939
Netherlands,2016,45600,16981285,9.7122
Netherlands,2017,46650.75391,17021343,9.5533
Netherlands,2018,47474.10938,17059560,9.3215
Netherlands,2019,,17097123,
Netherlands,2020,,17134873,
New Zealand,1952,12427,1992809,4.6769
New Zealand,1953,12522,2040237,4.191
New Zealand,1954,13936,2088487,4.3415
New Zealand,1955,13908,2136388,4.3966
New Zealand,1956,14346,2183460,4.431
New Zealand,1957,14418,2229828,4.6213
New Zealand,1958,14641,2276133,4.4725
New Zealand,1959,15350,2323404,4.4414
New Zealand,1960,15087,2372599,4.8604
New Zealand,1961,15533,2424064,4.8493
New Zealand,1962,15511,2477192,4.5206
New Zealand,1963,16150,2530186,4.8283
New Zealand,1964,16606,2580536,5.0733
New Zealand,1965,17341,2626649,5.2102
New Zealand,1966,18111,2667085,5.2493
New Zealand,1967,17027,2702676,5.042
New Zealand,1968,16809,2736821,4.9229
New Zealand,1969,18348,2774358,5.1389
New Zealand,1970,17835,2818391,5.0312
New Zealand,1971,18452,2870817,5.2421
New Zealand,1972,18889,2929687,5.526
New Zealand,1973,19804,2989412,6.0883
New Zealand,1974,20529,3042175,6.1666
New Zealand,1975,19907,3082622,5.9269
New Zealand,1976,20161,3108574,6.1921
New Zealand,1977,19110,3122406,6.5057
New Zealand,1978,19182,3128958,5.7604
New Zealand,1979,19580,3135301,5.2609
New Zealand,1980,19681,3146610,5.5548
New Zealand,1981,20537,3164823,5.2328
New Zealand,1982,20715,3188537,5.73
New Zealand,1983,21015,3215732,5.5969
New Zealand,1984,21783,3243034,5.9625
New Zealand,1985,21780,3268234,6.688
New Zealand,1986,22124,3290304,6.9738
New Zealand,1987,22142,3310751,7.299
New Zealand,1988,22022,3332787,7.6361
New Zealand,1989,22107,3360956,7.5732
New Zealand,1990,21817,3398175,7.548
New Zealand,1991,21125.89453,3446171,7.6412
New Zealand,1992,21093.06055,3503194,8.0712
New Zealand,1993,21897.67578,3564473,7.8168
New Zealand,1994,23076.85742,3623272,7.7354
New Zealand,1995,23751.90234,3674940,7.6597
New Zealand,1996,24321.24805,3717352,7.9028
New Zealand,1997,24802.12891,3752355,8.3484
New Zealand,1998,24861.41602,3783976,7.9098
New Zealand,1999,25867.99219,3818128,8.26
New Zealand,2000,26823.01758,3858992,8.3803
New Zealand,2001,27167.31836,3907941,8.8256
New Zealand,2002,28065.85547,3963202,8.7453
New Zealand,2003,28876.28711,4022074,9.0254
New Zealand,2004,29806.73438,4080421,8.8112
New Zealand,2005,30270.24805,4135353,9.0811
New Zealand,2006,30798.63086,4185881,8.9691
New Zealand,2007,31784.44141,4233046,8.6598
New Zealand,2008,31444.63281,4278156,8.8153
New Zealand,2009,31233.07617,4323338,8.0684
New Zealand,2010,31586.08984,4370060,8.0162
New Zealand,2011,32057,4418674,7.8071
New Zealand,2012,32674,4468462,8.0873
New Zealand,2013,32989,4518519,7.8133
New Zealand,2014,33339,4567522,7.7791
New Zealand,2015,33696,4614527,7.8169
New Zealand,2016,34295,4659265,7.3627
New Zealand,2017,34875.94922,4702029,7.6254
New Zealand,2018,35336.13672,4743131,7.5455
New Zealand,2019,,4783062,
New Zealand,2020,,4822233,
Pakistan,1952,950,38516514,0.1813
Pakistan,1953,1015,39109090,0.1817
Pakistan,1954,1014,39767169,0.1815
Pakistan,1955,1012,40488032,0.1837
Pakistan,1956,1017,41269721,0.2135
Pakistan,1957,1036,42111011,0.2162
Pakistan,1958,1025,43011324,0.2377
Pakistan,1959,1009,43970560,0.2256
Pakistan,1960,1031,44988690,0.2651
Pakistan,1961,1066,46065229,0.2681
Pakistan,1962,1114,47198886,0.2875
Pakistan,1963,1152,48387293,0.3224
Pakistan,1964,1208,49627623,0.3232
Pakistan,1965,1229,50917975,0.3305
Pakistan,1966,1294,52260183,0.3277
Pakistan,1967,1307,53655783,0.3388
Pakistan,1968,1361,55102690,0.3782
Pakistan,1969,1411,56598148,0.3571
Pakistan,1970,1517,58142062,0.3527
Pakistan,1971,1484,59734479,0.3255
Pakistan,1972,1455,61381982,0.308
Pakistan,1973,1521,63099404,0.3171
Pakistan,1974,1533,64905996,0.3295
Pakistan,1975,1559,66816875,0.347
Pakistan,1976,1604,68834324,0.3311
Pakistan,1977,1631,70958168,0.3427
Pakistan,1978,1720,73197254,0.3559
Pakistan,1979,1733,75561128,0.3723
Pakistan,1980,1851,78054346,0.4091
Pakistan,1981,1924,80680461,0.4243
Pakistan,1982,2002,83431597,0.4457
Pakistan,1983,2077,86285936,0.4638
Pakistan,1984,2106,89213708,0.477
Pakistan,1985,2230,92191505,0.5078
Pakistan,1986,2302,95215375,0.5152
Pakistan,1987,2364,98285762,0.5391
Pakistan,1988,2442,101389603,0.5682
Pakistan,1989,2487,104512874,0.5771
Pakistan,1990,2531,107647918,0.6301
Pakistan,1991,2644.574219,110778655,0.6091
Pakistan,1992,2732.381592,113911126,0.6322
Pakistan,1993,2777.332031,117086680,0.6591
Pakistan,1994,2855.90625,120362764,0.698
Pakistan,1995,2947.682617,123776835,0.6755
Pakistan,1996,2979.808105,127349293,0.7345
Pakistan,1997,2986.705566,131057432,0.7156
Pakistan,1998,3035.45166,134843233,0.7174
Pakistan,1999,3111.958496,138624625,0.717
Pakistan,2000,3154.511719,142343583,0.7406
Pakistan,2001,3176.946777,145978408,0.7339
Pakistan,2002,3265.686523,149549695,0.755
Pakistan,2003,3437.991699,153093371,0.7674
Pakistan,2004,3664.533447,156664698,0.8295
Pakistan,2005,3883.93457,160304007,0.8406
Pakistan,2006,4062.666504,164022626,0.8763
Pakistan,2007,4160.365234,167808106,0.9287
Pakistan,2008,4224.404785,171648984,0.9051
Pakistan,2009,4288.461914,175525610,0.8843
Pakistan,2010,4354.26709,179424643,0.8591
Pakistan,2011,4464,183340168,0.8436
Pakistan,2012,4569,187280125,0.8216
Pakistan,2013,4703,191260799,0.7866
Pakistan,2014,4850,195305012,0.8
Pakistan,2015,5030,199426953,0.8487
Pakistan,2016,5223,203631356,1.0166
Pakistan,2017,5392.228516,207906210,1.1254
Pakistan,2018,5510.396484,212228288,1.1229
Pakistan,2019,,216565317,
Pakistan,2020,,220892331,
Qatar,1952,47990,29872,6.5008
Qatar,1953,49284,32061,11.4282
Qatar,1954,51490,34051,17.8621
Qatar,1955,49632,35863,11.647
Qatar,1956,50628,37616,13.4419
Qatar,1957,49973,39451,7.8943
Qatar,1958,50042,41542,4.0572
Qatar,1959,52436,44118,4.1525
Qatar,1960,52299,47383,3.7117
Qatar,1961,48516,51427,3.1349
Qatar,1962,46304,56266,3.3862
Qatar,1963,44912,61721,99.3752
Qatar,1964,42186,67562,92.7904
Qatar,1965,41101,73631,85.391
Qatar,1966,50660,79850,78.5569
Qatar,1967,55566,86298,77.4425
Qatar,1968,58010,93206,75.9091
Qatar,1969,56236,100880,71.0406
Qatar,1970,51921,109521,69.0412
Qatar,1971,59731,119413,76.5771
Qatar,1972,62416,130505,82.567
Qatar,1973,68407,142181,87.615
Qatar,1974,57594,153624,68.209
Qatar,1975,54866,164314,66.6247
Qatar,1976,55169,173716,59.7233
Qatar,1977,45999,182319,54.3883
Qatar,1978,47072,191947,54.8016
Qatar,1979,45806,205172,69.9045
Qatar,1980,45860,223622,58.4991
Qatar,1981,37307,247984,51.7803
Qatar,1982,29046,277229,44.4936
Qatar,1983,23146,309299,36.3485
Qatar,1984,20354,341272,36.0359
Qatar,1985,16558,370886,33.3736
Qatar,1986,12881,397739,33.356
Qatar,1987,12819,422154,27.1714
Qatar,1988,12492,443611,26.82
Qatar,1989,12137,461688,30.9568
Qatar,1990,11705,476275,23.9593
Qatar,1991,12417.64258,487354,35.6629
Qatar,1992,15042.12305,495403,54.0577
Qatar,1993,16221.0459,501479,61.188
Qatar,1994,17955.31445,507044,59.7667
Qatar,1995,19959.70313,513447,60.9571
Qatar,1996,22395.26367,522530,60.6058
Qatar,1997,30989.15039,535320,68.724
Qatar,1998,36448.05469,551566,57.5121
Qatar,1999,40135.17578,570486,53.9113
Qatar,2000,45788.12109,592467,57.4069
Qatar,2001,50525.70703,615013,67.0124
Qatar,2002,57541.10156,640872,63.5113
Qatar,2003,62234.21484,681791,60.5764
Qatar,2004,74372.92969,753332,56.6967
Qatar,2005,76808.42188,865410,58.5735
Qatar,2006,90120.92188,1022704,61.7939
Qatar,2007,97912.6875,1218441,51.6238
Qatar,2008,107402.0547,1436670,44.7261
Qatar,2009,115283.4141,1654944,41.4496
Qatar,2010,134802.7813,1856329,38.7432
Qatar,2011,155533,2035862,39.1223
Qatar,2012,153922,2196078,42.0311
Qatar,2013,154159,2336579,35.3922
Qatar,2014,155069,2459202,36.7674
Qatar,2015,156029,2565708,35.1316
Qatar,2016,156299,2654379,33.4943
Qatar,2017,154669.0313,2724727,36.6118
Qatar,2018,153764.1719,2781682,38.4397
Qatar,2019,,2832071,
Qatar,2020,,2881060,
Russia,1952,5557,105967087,4.5366
Russia,1953,5557,107727310,4.7211
Russia,1954,5557,109536504,5.071
Russia,1955,5557,111355301,5.6561
Russia,1956,5557,113154332,6.1028
Russia,1957,5557,114913780,6.5761
Russia,1958,5557,116622392,6.9164
Russia,1959,5557,118275873,7.17
Russia,1960,5557,119871700,7.3656
Russia,1961,5874,121403897,7.5001
Russia,1962,6229,122858215,7.7786
Russia,1963,6405,124210253,8.2514
Russia,1964,6754,125430991,8.6902
Russia,1965,7068,126503741,9.1405
Russia,1966,7517,127417192,9.5837
Russia,1967,7943,128187398,9.9609
Russia,1968,8391,128859795,10.1874
Russia,1969,8563,129497500,10.5573
Russia,1970,9234,130148650,11.0479
Russia,1971,9567,130830724,11.663
Russia,1972,9785,131539633,12.2048
Russia,1973,10492,132275730,12.6494
Russia,1974,10801,133032258,13.0564
Russia,1975,11164,133804859,13.6449
Russia,1976,11426,134596225,14.0871
Russia,1977,11692,135413335,14.4784
Russia,1978,11829,136259824,14.8826
Russia,1979,11867,137139387,14.9097
Russia,1980,12204,138053143,15.3938
Russia,1981,12274,138993850,14.9985
Russia,1982,12267,139954626,15.1764
Russia,1983,12420,140935774,15.2845
Russia,1984,12379,141938482,15.3113
Russia,1985,12475,142957289,16.3951
Russia,1986,12694,143995348,16.2792
Russia,1987,12597,145032886,16.241
Russia,1988,12720,146013482,16.6488
Russia,1989,12766,146863927,16.3438
Russia,1990,12400,147531562,17.1185
Russia,1991,12012.23535,147995584,16.1911
Russia,1992,10487.54785,148268576,13.205
Russia,1993,9789.066406,148373584,12.5338
Russia,1994,8743.74707,148349443,11.0659
Russia,1995,8586.323242,148227471,10.8829
Russia,1996,8479.380859,148020852,10.6767
Russia,1997,8813.350586,147730020,9.9869
Russia,1998,8557.495117,147360613,9.8966
Russia,1999,9340.029297,146915915,10.1167
Russia,2000,10552.88477,146404890,10.0493
Russia,2001,11391.19434,145830726,10.3387
Russia,2002,12259.47656,145215707,10.2998
Russia,2003,13521.23926,144610876,10.5497
Russia,2004,14880.97852,144080649,10.6239
Russia,2005,16243.10059,143672125,10.7717
Russia,2006,18008.33594,143403258,11.203
Russia,2007,20018.12305,143266207,11.1998
Russia,2008,21563.46094,143248764,11.4271
Russia,2009,20335.55859,143326904,10.6676
Russia,2010,21737.38477,143479273,11.2428
Russia,2011,23130,143703027,11.5878
Russia,2012,23931,143993888,11.6679
Russia,2013,24224,144325456,11.2206
Russia,2014,24387,144664837,11.2162
Russia,2015,23691,144985059,11.1949
Russia,2016,23635,145275374,11.1416
Russia,2017,24042.63477,145530091,11.3135
Russia,2018,24668.9082,145734034,11.6078
Russia,2019,,145872260,
Russia,2020,,145934460,
Saudi Arabia,1952,3937,3283593,
Saudi Arabia,1953,4246,3372837,0.1412
Saudi Arabia,1954,4642,3464662,0.3574
Saudi Arabia,1955,4658,3558165,0.5942
Saudi Arabia,1956,4901,3653505,0.4463
Saudi Arabia,1957,4972,3751798,0.5596
Saudi Arabia,1958,5107,3855030,0.518
Saudi Arabia,1959,5512,3965799,0.4674
Saudi Arabia,1960,5928,4086534,0.6544
Saudi Arabia,1961,6481,4218852,0.8458
Saudi Arabia,1962,7085,4362788,1.4326
Saudi Arabia,1963,7516,4516540,1.5363
Saudi Arabia,1964,7978,4677304,1.5054
Saudi Arabia,1965,8717,4843632,0.8705
Saudi Arabia,1966,9726,5015353,1.2775
Saudi Arabia,1967,10302,5195124,4.9057
Saudi Arabia,1968,10916,5387822,5.3972
Saudi Arabia,1969,11429,5599909,6.2985
Saudi Arabia,1970,12153,5836388,7.7533
Saudi Arabia,1971,13509,6100631,9.7952
Saudi Arabia,1972,15138,6392973,10.9936
Saudi Arabia,1973,17598,6711922,14.1619
Saudi Arabia,1974,19659,7054532,13.9913
Saudi Arabia,1975,18788,7419486,11.2219
Saudi Arabia,1976,19297,7802928,13.0028
Saudi Arabia,1977,20824,8207695,14.3853
Saudi Arabia,1978,20593,8646845,13.3025
Saudi Arabia,1979,20472,9137928,15.1024
Saudi Arabia,1980,21068,9691471,17.4628
Saudi Arabia,1981,21393,10311771,17.0004
Saudi Arabia,1982,20535,10988851,14.3685
Saudi Arabia,1983,17315,11701132,13.7454
Saudi Arabia,1984,16343,12418836,12.5223
Saudi Arabia,1985,14422,13118998,13.1429
Saudi Arabia,1986,12897,13794167,14.8326
Saudi Arabia,1987,12919,14445663,13.1837
Saudi Arabia,1988,12795,15070082,13.4208
Saudi Arabia,1989,12758,15666289,12.9848
Saudi Arabia,1990,14335,16233786,12.8434
Saudi Arabia,1991,16830.41406,16772695,17.2033
Saudi Arabia,1992,17905.2793,17282686,18.2943
Saudi Arabia,1993,18101.0918,17763297,19.1768
Saudi Arabia,1994,18678.93164,18214475,18.0153
Saudi Arabia,1995,19223.33203,18638790,14.0793
Saudi Arabia,1996,20280.49414,19033843,13.5692
Saudi Arabia,1997,21087.42773,19407138,11.12
Saudi Arabia,1998,22310.91797,19783301,10.4755
Saudi Arabia,1999,22058.57227,20194531,11.1904
Saudi Arabia,2000,23904.51563,20663840,14.3421
Saudi Arabia,2001,24191.99609,21202646,13.9883
Saudi Arabia,2002,24053.97461,21805322,14.9366
Saudi Arabia,2003,27367.09375,22456645,14.5399
Saudi Arabia,2004,30233.51172,23132686,17.0575
Saudi Arabia,2005,32700.33203,23816175,16.6213
Saudi Arabia,2006,34483.04297,24498313,17.605
Saudi Arabia,2007,36070.31641,25184589,15.347
Saudi Arabia,2008,39393.42969,25888535,16.6999
Saudi Arabia,2009,39671.55469,26630303,17.493
Saudi Arabia,2010,42737.65625,27421468,18.88
Saudi Arabia,2011,48470,28267591,17.6053
Saudi Arabia,2012,49867,29154906,19.3168
Saudi Arabia,2013,50005,30052058,17.9956
Saudi Arabia,2014,50693,30916603,19.7048
Saudi Arabia,2015,51681,31717676,21.2777
Saudi Arabia,2016,51397,32443443,19.6976
Saudi Arabia,2017,50001.9375,33101182,19.3159
Saudi Arabia,2018,50304.75,33702757,18.4541
Saudi Arabia,2019,,34268529,
Saudi Arabia,2020,,34813867,
Singapore,1952,2342,1119932,3.0728
Singapore,1953,2794,1177580,2.9567
Singapore,1954,3202,1239692,3.0421
Singapore,1955,2946,1305103,3.1053
Singapore,1956,3241,1372516,2.9842
Singapore,1957,2874,1440490,1.2006
Singapore,1958,2880,1507544,1.5239
Singapore,1959,3239,1572174,1.1443
Singapore,1960,3464,1633133,0.8525
Singapore,1961,3623,1689600,1.2382
Singapore,1962,3775,1741457,1.4433
Singapore,1963,4049,1789374,1.845
Singapore,1964,3800,1834517,1.9633
Singapore,1965,3991,1877826,1.2917
Singapore,1966,4317,1919274,0.2495
Singapore,1967,4741,1958735,1.4404
Singapore,1968,5294,1996870,2.5708
Singapore,1969,5931,2034514,3.3857
Singapore,1970,6650,2072284,8.6053
Singapore,1971,7318,2110958,7.71
Singapore,1972,8155,2150498,10.1001
Singapore,1973,8894,2189609,9.4495
Singapore,1974,9314,2226377,9.6242
Singapore,1975,9602,2259721,10.5604
Singapore,1976,10178,2288860,12.8176
Singapore,1977,10790,2314988,11.9275
Singapore,1978,11588,2341401,13.8648
Singapore,1979,12521,2372594,14.9287
Singapore,1980,13601,2411690,12.619
Singapore,1981,14335,2460503,10.4477
Singapore,1982,14687,2517983,11.2715
Singapore,1983,15720,2580915,12.9401
Singapore,1984,16767,2644495,12.0887
Singapore,1985,16611,2705537,11.9744
Singapore,1986,16831,2762442,12.3445
Singapore,1987,18345,2816974,11.2926
Singapore,1988,19853,2873279,12.2789
Singapore,1989,21221,2937277,13.9598
Singapore,1990,22666,3012968,14.4494
Singapore,1991,23636.68359,3101144,14.2642
Singapore,1992,24775.57031,3199642,14.8271
Singapore,1993,27073.71484,3305801,15.0226
Singapore,1994,29454.61328,3415701,17.5911
Singapore,1995,30957.28711,3525964,11.4992
Singapore,1996,32724.48828,3638177,13.197
Singapore,1997,34868.06641,3752131,15.1213
Singapore,1998,33590.48047,3860721,12.2806
Singapore,1999,35156.11719,3954741,12.4408
Singapore,2000,37772.75781,4028872,12.0118
Singapore,2001,36864.57422,4077150,12.0673
Singapore,2002,37829.90625,4104407,11.4739
Singapore,2003,38950.74609,4129227,11.9728
Singapore,2004,42111.16797,4177202,11.2178
Singapore,2005,44698.83984,4265693,8.5491
Singapore,2006,48073.58984,4402324,9.7777
Singapore,2007,51844.0625,4578629,10.3783
Singapore,2008,52180.17188,4775810,12.055
Singapore,2009,51344.47656,4966614,18.1407
Singapore,2010,58612.73047,5131170,11.0345
Singapore,2011,61672,5263640,5.7511
Singapore,2012,62783,5369469,8.9664
Singapore,2013,64633,5453732,9.9687
Singapore,2014,65655,5525628,9.9915
Singapore,2015,65660,5592143,11.1103
Singapore,2016,65729,5653625,7.1237
Singapore,2017,67331.03125,5708042,6.844
Singapore,2018,68402.34375,5757503,7.9898
Singapore,2019,,5804343,
Singapore,2020,,5850343,
South Africa,1952,4175,14226257,4.9825
South Africa,1953,4264,14541560,4.8823
South Africa,1954,4404,14868163,4.9702
South Africa,1955,4511,15206501,5.454
South Africa,1956,4645,15557198,5.6092
South Africa,1957,4704,15921020,5.631
South Africa,1958,4685,16298795,5.9055
South Africa,1959,4774,16691451,5.66
South Africa,1960,4847,17099836,5.7219
South Africa,1961,4929,17524533,5.8273
South Africa,1962,5067,17965733,5.8818
South Africa,1963,5294,18423157,5.9558
South Africa,1964,5499,18896303,6.3264
South Africa,1965,5673,19384838,6.6103
South Africa,1966,5762,19888259,6.4478
South Africa,1967,5993,20406863,6.5547
South Africa,1968,6087,20942147,6.5874
South Africa,1969,6290,21496075,6.659
South Africa,1970,6448,22069783,6.7793
South Africa,1971,6591,22665265,7.4301
South Africa,1972,6550,23281517,7.3688
South Africa,1973,6655,23913090,7.2495
South Africa,1974,6853,24552540,7.1908
South Africa,1975,6808,25195184,7.3431
South Africa,1976,6802,25836890,7.4667
South Africa,1977,6623,26480915,7.5431
South Africa,1978,6653,27138966,7.4391
South Africa,1979,6746,27827325,7.8586
South Africa,1980,6998,28556771,7.9917
South Africa,1981,7141,29333095,8.7648
South Africa,1982,6891,30150448,9.302
South Africa,1983,6554,30993762,9.419
South Africa,1984,6672,31841588,9.9123
South Africa,1985,6385,32678876,9.9113
South Africa,1986,6236,33495956,9.8676
South Africa,1987,6212,34297727,9.5836
South Africa,1988,6319,35100905,9.7632
South Africa,1989,6306,35930056,9.4838
South Africa,1990,6111,36800507,8.5046
South Africa,1991,6034.900391,37718952,8.6447
South Africa,1992,5901.984375,38672611,7.7928
South Africa,1993,5965.911621,39633754,8.0838
South Africa,1994,6172.973633,40564061,8.3479
South Africa,1995,6406.428223,41435761,8.7277
South Africa,1996,6725.791016,42241007,8.6095
South Africa,1997,6950.47168,42987456,8.9668
South Africa,1998,7024.29541,43682259,8.6377
South Africa,1999,7234.285645,44338551,8.4538
South Africa,2000,7582.77832,44967713,8.4117
South Africa,2001,7839.625488,45571272,8.1524
South Africa,2002,8171.206543,46150913,7.7216
South Africa,2003,8451.452148,46719203,8.6511
South Africa,2004,8877.920898,47291610,9.4959
South Africa,2005,9393.693359,47880595,8.6867
South Africa,2006,9978.470703,48489464,9.2107
South Africa,2007,10576.29102,49119766,9.4626
South Africa,2008,10977.14648,49779472,9.9367
South Africa,2009,10873.0459,50477013,9.9503
South Africa,2010,11318.60449,51216967,9.1167
South Africa,2011,11838,52003759,9.1137
South Africa,2012,11992,52832659,8.7283
South Africa,2013,12171,53687125,8.4912
South Africa,2014,12242,54544184,8.8117
South Africa,2015,12246,55386369,8.1351
South Africa,2016,12139,56207649,8.2688
South Africa,2017,12189.35742,57009751,8.1424
South Africa,2018,12165.79492,57792520,8.0321
South Africa,2019,,58558267,
South Africa,2020,,59308690,
South Korea,1952,1038.041016,19817775,0.1747
South Korea,1953,1316.69104,20293200,0.2313
South Korea,1954,1372.67981,20864104,0.2473
South Korea,1955,1411.333618,21514564,0.2996
South Korea,1956,1381.982788,22227339,0.3399
South Korea,1957,1466.7677,22984010,0.3574
South Korea,1958,1517.883911,23765501,0.3791
South Korea,1959,1555.727173,24552846,0.457
South Korea,1960,1547.691772,25329521,0.4951
South Korea,1961,1605.846802,26084025,0.5539
South Korea,1962,1620.490234,26812084,0.6438
South Korea,1963,1720.824097,27517540,0.7662
South Korea,1964,1834.977783,28209737,0.7868
South Korea,1965,1917.428345,28895557,0.8644
South Korea,1966,2093.887939,29572554,1.0139
South Korea,1967,2232.053467,30236691,1.1613
South Korea,1968,2468.483643,30891968,1.2041
South Korea,1969,2764.15332,31543831,1.3463
South Korea,1970,2974.807373,32195679,1.6684
South Korea,1971,3221.674561,32850725,1.7818
South Korea,1972,3387.890381,33506521,1.7981
South Korea,1973,3822.045898,34154091,2.1366
South Korea,1974,4112.601074,34780886,2.1722
South Korea,1975,4362.006836,35378657,2.3083
South Korea,1976,4855.940918,35942033,2.5904
South Korea,1977,5367.794922,36475425,2.8913
South Korea,1978,5856.496582,36992188,3.0579
South Korea,1979,6265.88623,37511303,3.5422
South Korea,1980,6064.040039,38045605,3.5359
South Korea,1981,6398.851074,38602287,3.6167
South Korea,1982,6821.475098,39175221,3.5943
South Korea,1983,7611.733887,39747794,3.7528
South Korea,1984,8303.518555,40296230,3.9888
South Korea,1985,8859.355469,40804406,4.1366
South Korea,1986,9756.205078,41265123,4.2733
South Korea,1987,10864.97363,41686566,4.4475
South Korea,1988,12039.94531,42086668,5.0135
South Korea,1989,12759.48926,42491200,5.2614
South Korea,1990,13874,42918416,5.8359
South Korea,1991,15056.16016,43373148,6.3555
South Korea,1992,15712.00195,43848223,6.8425
South Korea,1993,16503.43359,44335037,7.4495
South Korea,1994,17720.39453,44820070,7.9392
South Korea,1995,19089.29883,45292521,8.4715
South Korea,1996,20204.56055,45751023,9.204
South Korea,1997,21055.94531,46196056,9.6369
South Korea,1998,19624.69141,46620698,8.1175
South Korea,1999,21540.69336,47016952,8.7414
South Korea,2000,23108.01758,47379237,9.298
South Korea,2001,23804.4375,47706226,9.5636
South Korea,2002,25250.63672,47999551,9.9332
South Korea,2003,25679.24609,48260901,10.0693
South Korea,2004,26646.50391,48493434,10.1508
South Korea,2005,27443.2832,48701069,10.2578
South Korea,2006,28516.48438,48880449,10.3212
South Korea,2007,29716.57031,49034813,10.664
South Korea,2008,30117.72852,49182458,10.858
South Korea,2009,29967.5625,49347450,10.9272
South Korea,2010,31537.77344,49545638,12.021
South Korea,2011,32225,49786153,12.5447
South Korea,2012,32791,50060639,12.5635
South Korea,2013,33588,50345720,12.6285
South Korea,2014,34493,50607904,12.4604
South Korea,2015,35269,50823087,12.4985
South Korea,2016,36103,50983446,12.5386
South Korea,2017,37093.21484,51096408,12.8335
South Korea,2018,37927.60938,51171700,13.125
South Korea,2019,,51225321,
South Korea,2020,,51269183,
Spain,1952,4105,28399033,1.3241
Spain,1953,4066,28600360,1.3612
Spain,1954,4328,28818012,1.3785
Spain,1955,4442,29048392,1.3864
Spain,1956,4769,29290079,1.4453
Spain,1957,4900,29543626,1.6996
Spain,1958,5176,29811311,1.8742
Spain,1959,5085,30096577,1.7304
Spain,1960,5037,30402413,1.6073
Spain,1961,5587,30729650,1.7445
Spain,1962,6083,31075475,1.93
Spain,1963,6639,31432768,1.8688
Spain,1964,6945,31791938,2.0233
Spain,1965,7420,32146255,2.2093
Spain,1966,7881,32491643,2.3888
Spain,1967,8215,32830180,2.6315
Spain,1968,8606,33168777,2.925
Spain,1969,9307,33517677,2.8861
Spain,1970,9511,33883749,3.4461
Spain,1971,9894,34267463,3.7487
Spain,1972,10796,34664234,4.1748
Spain,1973,11638,35069433,4.4186
Spain,1974,12388,35476435,4.8671
Spain,1975,12621,35879210,5.0462
Spain,1976,13053,36276748,5.451
Spain,1977,13342,36666770,5.3135
Spain,1978,13573,37040401,5.3864
Spain,1979,13681,37386810,5.4229
Spain,1980,14008,37698200,5.6743
Spain,1981,13895,37971968,5.4276
Spain,1982,14045,38209686,5.4593
Spain,1983,14237,38413300,5.296
Spain,1984,14308,38586704,5.1227
Spain,1985,14690,38733866,5.1617
Spain,1986,15237,38855631,4.8671
Spain,1987,16268,38954490,4.8649
Spain,1988,17272,39038686,5.058
Spain,1989,18359,39118555,5.7488
Spain,1990,19215,39202524,5.8974
Spain,1991,19958.06055,39299081,6.1307
Spain,1992,20329.16797,39410852,6.3392
Spain,1993,20056.53906,39533726,6.1013
Spain,1994,20673.95508,39660079,6.3966
Spain,1995,21522.09766,39787413,6.7222
Spain,1996,22185.06641,39908962,6.3866
Spain,1997,23113.61523,40035286,6.6796
Spain,1998,24284.86133,40201561,6.867
Spain,1999,25549.53906,40454472,7.4044
Spain,2000,26994.85938,40824745,7.6273
Spain,2001,28153.55273,41319431,7.5835
Spain,2002,28753.32227,41919593,7.9544
Spain,2003,29371.86523,42596455,7.9279
Spain,2004,30088.0918,43308345,8.1881
Spain,2005,30885.60156,44019118,8.3982
Spain,2006,31907.42383,44728561,8.0643
Spain,2007,32735.43359,45429071,8.1126
Spain,2008,32844.32422,46068811,7.3101
Spain,2009,31669.69141,46583566,6.3839
Spain,2010,31786.4043,46931011,6.0487
Spain,2011,31600,47084242,6.0472
Spain,2012,30699,47063059,5.9274
Spain,2013,30280,46930554,5.3851
Spain,2014,30819,46777927,5.4527
Spain,2015,31847,46671919,5.8214
Spain,2016,30110,46634131,5.5916
Spain,2017,30908.11914,46647425,5.8876
Spain,2018,31496.51953,46692863,5.7763
Spain,2019,,46736782,
Spain,2020,,46754783,
Sri Lanka,1952,2093,8256558,0.2347
Sri Lanka,1953,2071,8417112,0.2455
Sri Lanka,1954,2066,8591021,0.2077
Sri Lanka,1955,2131,8778441,0.1895
Sri Lanka,1956,2091,8978765,0.1579
Sri Lanka,1957,2067,9190652,0.2523
Sri Lanka,1958,2074,9412139,0.2071
Sri Lanka,1959,2048,9640820,0.2132
Sri Lanka,1960,2064,9874476,0.2285
Sri Lanka,1961,2050,10111639,0.2308
Sri Lanka,1962,2067,10352180,0.2474
Sri Lanka,1963,2058,10597516,0.2389
Sri Lanka,1964,2104,10849977,0.2093
Sri Lanka,1965,2118,11110825,0.2391
Sri Lanka,1966,2047,11380665,0.2337
Sri Lanka,1967,2181,11657650,0.2526
Sri Lanka,1968,2291,11937607,0.2713
Sri Lanka,1969,2329,12214948,0.3533
Sri Lanka,1970,2389,12485736,0.2878
Sri Lanka,1971,2322,12747831,0.2505
Sri Lanka,1972,2327,13002234,0.2721
Sri Lanka,1973,2378,13252033,0.278
Sri Lanka,1974,2418,13501931,0.217
Sri Lanka,1975,2434,13755141,0.2103
Sri Lanka,1976,2464,14012894,0.1997
Sri Lanka,1977,2582,14273495,0.2039
Sri Lanka,1978,2694,14533691,0.2364
Sri Lanka,1979,2815,14788866,0.2576
Sri Lanka,1980,2917,15035840,0.2254
Sri Lanka,1981,3049,15272822,0.2623
Sri Lanka,1982,3151,15501210,0.2882
Sri Lanka,1983,3268,15724641,0.3087
Sri Lanka,1984,3387,15948501,0.2415
Sri Lanka,1985,3484,16176282,0.2421
Sri Lanka,1986,3607,16408861,0.2231
Sri Lanka,1987,3590,16643955,0.2419
Sri Lanka,1988,3633,16878186,0.2048
Sri Lanka,1989,3677,17106752,0.2015
Sri Lanka,1990,3864,17325769,0.2211
Sri Lanka,1991,4214.981934,17535732,0.236
Sri Lanka,1992,4020.974121,17736827,0.2879
Sri Lanka,1993,4247.022949,17924827,0.2776
Sri Lanka,1994,4500.819824,18094474,0.3004
Sri Lanka,1995,4702.294922,18242917,0.3187
Sri Lanka,1996,5187.708984,18367290,0.3795
Sri Lanka,1997,5628.530273,18470897,0.4071
Sri Lanka,1998,5440.221191,18564595,0.4167
Sri Lanka,1999,5488.515625,18663293,0.4563
Sri Lanka,2000,5841.094238,18777606,0.5397
Sri Lanka,2001,5620.96582,18911727,0.546
Sri Lanka,2002,5721.308594,19062476,0.5743
Sri Lanka,2003,5963.569824,19224036,0.5698
Sri Lanka,2004,6191.966309,19387153,0.6266
Sri Lanka,2005,6491.198242,19544988,0.6107
Sri Lanka,2006,6904.036133,19695977,0.5987
Sri Lanka,2007,7283.632324,19842044,0.6124
Sri Lanka,2008,7622.408691,19983984,0.5998
Sri Lanka,2009,7796.647461,20123508,0.6433
Sri Lanka,2010,8319.703125,20261738,0.6441
Sri Lanka,2011,8918,20398496,0.7298
Sri Lanka,2012,9678,20532599,0.7694
Sri Lanka,2013,9928,20663053,0.7104
Sri Lanka,2014,10342,20788512,0.851
Sri Lanka,2015,10763,20908024,0.9485
Sri Lanka,2016,11149,21021177,1.0954
Sri Lanka,2017,11418.12891,21128028,1.09
Sri Lanka,2018,11662.90625,21228760,0.9891
Sri Lanka,2019,,21323734,
Sri Lanka,2020,,21413250,
Turkey,1952,2522,22508952,0.4653
Turkey,1953,2745,23081587,0.5617
Turkey,1954,2609,23668910,0.5675
Turkey,1955,2754,24270599,0.5611
Turkey,1956,2777,24886127,0.577
Turkey,1957,2920,25514825,0.6259
Turkey,1958,2973,26155927,0.613
Turkey,1959,3030,26808633,0.6413
Turkey,1960,3041,27472339,0.6115
Turkey,1961,3022,28146909,0.6161
Turkey,1962,3142,28832831,0.7493
Turkey,1963,3374,29531362,0.7666
Turkey,1964,3453,30244258,0.8697
Turkey,1965,3481,30972996,0.8831
Turkey,1966,3824,31717504,0.9933
Turkey,1967,3929,32477994,1.0308
Turkey,1968,4122,33256464,1.0905
Turkey,1969,4267,34055391,1.1379
Turkey,1970,4398,34876296,1.2209
Turkey,1971,4715,35720603,1.3336
Turkey,1972,4929,36587267,1.4683
Turkey,1973,5050,37472329,1.5828
Turkey,1974,5353,38370278,1.5879
Turkey,1975,5719,39277249,1.6656
Turkey,1976,6110,40189561,1.8253
Turkey,1977,6271,41108290,1.9733
Turkey,1978,6350,42039983,1.8248
Turkey,1979,6204,42994043,1.7453
Turkey,1980,6070,43975972,1.7103
Turkey,1981,6201,44988411,1.7601
Turkey,1982,6381,46025411,1.8731
Turkey,1983,6489,47073470,1.9079
Turkey,1984,6736,48114158,1.9725
Turkey,1985,6958,49133928,2.1505
Turkey,1986,7323,50128548,2.3064
Turkey,1987,7838,51100930,2.5135
Turkey,1988,8019,52053764,2.3961
Turkey,1989,7992,52992479,2.596
Turkey,1990,8606,53921758,2.8098
Turkey,1991,8658.37793,54840595,2.8807
Turkey,1992,9150.43457,55748946,2.9404
Turkey,1993,9865.300781,56653808,3.0185
Turkey,1994,9308.695313,57564209,2.9086
Turkey,1995,9962.536133,58486453,3.0931
Turkey,1996,10644.63379,59423278,3.3576
Turkey,1997,11432.43652,60372571,3.5116
Turkey,1998,11772.83008,61329665,3.4574
Turkey,1999,11151.67383,62287391,3.3362
Turkey,2000,11904.00781,63240196,3.6336
Turkey,2001,10950.99219,64192243,3.3257
Turkey,2002,11753.95313,65145357,3.3921
Turkey,2003,12380.20703,66089402,3.5782
Turkey,2004,13423.79492,67010929,3.6481
Turkey,2005,14487.75781,67903461,3.8908
Turkey,2006,15425.18848,68756809,4.0963
Turkey,2007,16090.83496,69581854,4.4945
Turkey,2008,16182.73242,70418612,4.3926
Turkey,2009,15188.41992,71321406,4.4217
Turkey,2010,16528.11914,72326992,4.3466
Turkey,2011,17919,73443254,4.6224
Turkey,2012,18170,74651046,4.7376
Turkey,2013,18788,75925454,4.5468
Turkey,2014,19277,77229262,4.6831
Turkey,2015,19836,78529413,4.8559
Turkey,2016,17906,79827868,5.0263
Turkey,2017,18995.82422,81116451,5.2434
Turkey,2018,19270.2207,82340090,5.094
Turkey,2019,,83429607,
Turkey,2020,,84339067,
UAE,1952,27490,69235,
UAE,1953,29358,72771,
UAE,1954,31695,76523,
UAE,1955,31374,79579,
UAE,1956,32481,81624,
UAE,1957,32329,82963,
UAE,1958,32473,84420,
UAE,1959,34153,87188,0.1261
UAE,1960,35758,92417,0.1189
UAE,1961,36949,100801,0.109
UAE,1962,38654,112112,0.1634
UAE,1963,39889,125130,0.1757
UAE,1964,40927,138049,0.1327
UAE,1965,41705,149855,0.1467
UAE,1966,42213,159979,0.1603
UAE,1967,42416,169768,5.3956
UAE,1968,42040,182620,6.8015
UAE,1969,40639,203103,100.9705
UAE,1970,39135,234512,64.9643
UAE,1971,39540,277463,76.2874
UAE,1972,39540,330968,70.8073
UAE,1973,39669,394625,77.5556
UAE,1974,45347,467457,66.9614
UAE,1975,40591,548295,56.6211
UAE,1976,40803,637926,62.1028
UAE,1977,41915,735347,52.698
UAE,1978,35936,835498,53.5652
UAE,1979,39534,931752,39.2234
UAE,1980,44168,1019507,36.1188
UAE,1981,42456,1096602,33.5281
UAE,1982,36635,1164816,31.5524
UAE,1983,32737,1228457,28.6705
UAE,1984,32135,1293970,35.6698
UAE,1985,29562,1366165,36.3445
UAE,1986,21949,1446386,32.5156
UAE,1987,21487,1533526,30.942
UAE,1988,20215,1627068,29.5597
UAE,1989,21072,1725676,31.3999
UAE,1990,22254,1828437,28.2776
UAE,1991,,1937159,29.2559
UAE,1992,,2052891,28.1345
UAE,1993,25558.75586,2173135,30.171
UAE,1994,28334.58203,2294377,31.6447
UAE,1995,31239.91797,2415099,28.9894
UAE,1996,34042.74219,2539121,28.6615
UAE,1997,38168.46484,2671361,27.3646
UAE,1998,39667.79297,2813214,28.6798
UAE,1999,42372.4375,2966029,26.144
UAE,2000,48888.03125,3134067,35.6684
UAE,2001,51263.375,3302722,30.457
UAE,2002,54077.46875,3478769,24.0597
UAE,2003,59823.26563,3711931,28.4539
UAE,2004,64925.67188,4068577,27.4793
UAE,2005,65599.05469,4588222,24.9503
UAE,2006,67830.92969,5300172,22.9686
UAE,2007,65412.80078,6168846,21.6027
UAE,2008,63862.08594,7089486,21.718
UAE,2009,58860.53516,7917368,20.9034
UAE,2010,60112.40234,8549998,21.1253
UAE,2011,65307,8946778,21.571
UAE,2012,68255,9141598,22.0474
UAE,2013,70791,9197908,22.3301
UAE,2014,72601,9214182,21.9148
UAE,2015,74746,9262896,23.3818
UAE,2016,75876,9360975,22.9321
UAE,2017,76643.5,9487206,17.7957
UAE,2018,76397.82031,9630966,16.0112
UAE,2019,,9770526,
UAE,2020,,9890400,
UK,1952,11303,50651273,10.4382
UK,1953,11709,50750980,10.6443
UK,1954,12145,50890911,10.8666
UK,1955,12541,51063907,11.2986
UK,1956,12639,51265885,11.2028
UK,1957,12779,51495703,11.0828
UK,1958,12698,51754668,10.7491
UK,1959,13134,52045664,10.5024
UK,1960,13780,52370595,11.1517
UK,1961,14118,52727763,11.1633
UK,1962,14131,53109400,11.1643
UK,1963,14583,53500721,11.2781
UK,1964,15251,53882751,11.2813
UK,1965,15545,54240855,11.4694
UK,1966,15757,54568868,11.3265
UK,1967,16018,54866529,10.7909
UK,1968,16593,55132603,11.0005
UK,1969,16820,55367950,11.3492
UK,1970,17162,55573455,11.7426
UK,1971,17440,55748534,11.8458
UK,1972,18002,55892412,11.5942
UK,1973,19168,56006290,11.7768
UK,1974,18903,56092059,11.003
UK,1975,18884,56152325,10.743
UK,1976,19311,56188348,10.6521
UK,1977,19740,56203598,10.7531
UK,1978,20448,56205910,10.7589
UK,1979,20988,56205087,11.4672
UK,1980,20612,56209164,10.3014
UK,1981,20319,56220739,9.9706
UK,1982,20650,56241408,9.748
UK,1983,21366,56276791,9.6929
UK,1984,21869,56332902,9.3925
UK,1985,22579,56413555,9.9201
UK,1986,23498,56522505,10.0589
UK,1987,24536,56658260,10.0897
UK,1988,25679,56812754,10.0381
UK,1989,26164,56974289,10.2077
UK,1990,26189,57134377,10.5076
UK,1991,25792.01367,57290792,10.62
UK,1992,25790.18555,57446041,10.3207
UK,1993,26349.3418,57602279,10.0454
UK,1994,27277.54297,57763382,9.9482
UK,1995,27861.21484,57932450,9.7798
UK,1996,28472.24805,58113554,10.1213
UK,1997,29259.76367,58307320,9.6443
UK,1998,30077.38477,58509972,9.7009
UK,1999,30932.53711,58715859,9.5563
UK,2000,31946.03711,58923305,9.6326
UK,2001,32660.44141,59124277,9.7475
UK,2002,33271.30078,59326294,9.4404
UK,2003,34232.42578,59561429,9.5947
UK,2004,34865.78125,59872760,9.5687
UK,2005,35623.625,60287953,9.454
UK,2006,36214.07031,60821349,9.3318
UK,2007,36816.67578,61455154,9.0999
UK,2008,36264.78906,62145098,8.7617
UK,2009,34402.35938,62828620,7.861
UK,2010,34754.47266,63459801,8.0623
UK,2011,34971,64021922,7.3327
UK,2012,35185,64525300,7.5554
UK,2013,35618,64984015,7.3462
UK,2014,36436,65423048,6.7032
UK,2015,36941,65860149,6.4127
UK,2016,37334,66297944,6.0234
UK,2017,37782.82813,66727463,5.8082
UK,2018,38058.08594,67141678,5.6878
UK,2019,,67530161,
UK,2020,,67886004,
USA,1952,16444,163266026,15.6253
USA,1953,16917,165909996,15.7485
USA,1954,16512,168736390,14.7527
USA,1955,17370,171685337,15.8916
USA,1956,17397,174705006,16.3694
USA,1957,17406,177751477,15.9526
USA,1958,16946,180788387,15.1942
USA,1959,17900,183786249,15.4078
USA,1960,18057,186720570,15.5159
USA,1961,18175,189569850,15.2276
USA,1962,18976,192313747,15.5668
USA,1963,19514,194932400,16.0378
USA,1964,20360,197408497,16.5348
USA,1965,21390,199733679,17.0194
USA,1966,22529,201895760,17.6884
USA,1967,22842,203905081,18.1715
USA,1968,23691,205805756,18.6618
USA,1969,24195,207659274,19.4305
USA,1970,23958,209513340,20.7121
USA,1971,24394,211384079,20.6508
USA,1972,25414,213269805,21.4413
USA,1973,26602,215178797,22.2365
USA,1974,26286,217114898,21.2828
USA,1975,25956,219081250,20.4401
USA,1976,27058,221086427,21.4738
USA,1977,28001,223135659,21.9122
USA,1978,29286,225223307,21.9389
USA,1979,29949,227339321,22.0303
USA,1980,29611,229476360,20.9533
USA,1981,30056,231636065,20.2308
USA,1982,29210,233821851,19.0191
USA,1983,30158,236030236,18.7653
USA,1984,32076,238256849,19.5668
USA,1985,33023,240499822,19.3446
USA,1986,33850,242763137,19.2087
USA,1987,34730,245052780,19.6915
USA,1988,35863,247372258,20.4157
USA,1989,36756,249725809,20.5502
USA,1990,36982,252120309,20.2818
USA,1991,36463.95703,254539371,19.8709
USA,1992,37240.30078,256990608,20.1077
USA,1993,37761.53516,259532130,20.2955
USA,1994,38807.28125,262241204,20.4347
USA,1995,39390.625,265163740,20.4459
USA,1996,40412.75,268335007,20.9089
USA,1997,41722.67188,271713634,20.9282
USA,1998,43072.75781,275175309,20.8269
USA,1999,44575.84766,278548148,20.839
USA,2000,45886.46875,281710914,21.3357
USA,2001,45878.00781,284607992,20.7474
USA,2002,46266.29688,287279312,20.7003
USA,2003,47157.99609,289815567,20.7437
USA,2004,48492.71875,292354663,20.913
USA,2005,49654.76172,294993509,20.7954
USA,2006,50489.85938,297758977,20.324
USA,2007,50901.74609,300608425,20.3953
USA,2008,50275.74609,303486022,19.4872
USA,2009,48452.93359,306307565,17.8847
USA,2010,49266.91406,309011469,18.3676
USA,2011,49675,311584051,17.7807
USA,2012,50394,314043885,16.9998
USA,2013,50863,316400539,17.3017
USA,2014,51664,318673422,17.3306
USA,2015,52591,320878312,16.7408
USA,2016,53015,323015992,16.2469
USA,2017,54007.76953,325084758,16.0197
USA,2018,55334.73828,327096263,16.434
USA,2019,,329064917,
USA,2020,,331002647,
